step,time_elapsed,mean_reward,std_reward
1000,9.408,-0.872,0.507
2000,11.978,-0.82,0.585
3000,14.672,-0.901,0.453
4000,17.267,-0.941,0.367
5000,19.965,-0.965,0.298
6000,22.6,-0.917,0.424
7000,25.595,-0.899,0.454
8000,28.74,-0.861,0.525
9000,31.452,-0.961,0.315
10000,34.483,-0.931,0.398
11000,107.199,-0.912,0.426
12000,180.767,-0.852,0.533
13000,258.406,-0.886,0.475
14000,319.722,-0.805,0.605
15000,397.493,-0.684,0.739
16000,467.405,-0.755,0.667
17000,555.189,-0.781,0.639
18000,626.057,-0.846,0.549
19000,702.721,-0.774,0.644
20000,778.661,-0.809,0.601
21000,852.589,-0.801,0.61
22000,939.721,-0.728,0.694
23000,1013.622,-0.864,0.517
24000,1100.071,-0.709,0.713
25000,1168.211,-0.816,0.591
26000,1244.029,-0.929,0.392
27000,1332.599,-0.913,0.425
28000,1399.463,-0.778,0.638
29000,1484.945,-0.825,0.578
30000,1558.886,-0.85,0.54
31000,1632.164,-0.837,0.56
32000,1714.24,-0.813,0.593
33000,1779.149,-0.883,0.485
34000,1862.145,-0.864,0.517
35000,1939.75,-0.84,0.555
36000,2025.183,-0.916,0.421
37000,2093.638,-0.92,0.41
38000,2177.939,-0.813,0.593
39000,2257.474,-0.812,0.593
40000,2344.001,-0.792,0.621
41000,2415.036,-0.844,0.549
42000,2497.911,-0.875,0.498
43000,2583.836,-0.9,0.452
44000,2664.011,-0.861,0.521
45000,2750.231,-0.884,0.482
46000,2831.73,-0.856,0.529
47000,2905.807,-0.843,0.551
48000,2992.487,-0.882,0.486
49000,3067.999,-0.801,0.61
50000,3147.186,-0.872,0.504
51000,9.784,-0.839,0.553
52000,12.698,-0.863,0.514
53000,15.586,-0.88,0.486
54000,18.548,-0.827,0.571
55000,21.509,-0.834,0.559
56000,24.617,-0.913,0.42
57000,27.554,-0.887,0.472
58000,30.483,-0.882,0.482
59000,33.489,-0.899,0.449
60000,36.438,-0.896,0.457
61000,46.654,-0.867,0.51
62000,57.87,-0.79,0.624
63000,67.01,-0.868,0.509
64000,77.874,-0.804,0.605
65000,89.58,-0.806,0.602
66000,100.41,-0.819,0.583
67000,109.846,-0.834,0.564
68000,121.407,-0.82,0.585
69000,131.052,-0.866,0.513
70000,141.872,-0.832,0.565
71000,152.63,-0.873,0.501
72000,163.19,-0.89,0.471
73000,173.12,-0.788,0.626
74000,184.419,-0.881,0.488
75000,194.755,-0.82,0.585
76000,205.973,-0.85,0.54
77000,217.52,-0.856,0.527
78000,227.472,-0.818,0.587
79000,237.317,-0.79,0.623
80000,248.2,-0.782,0.633
81000,259.774,-0.754,0.667
82000,270.693,-0.857,0.527
83000,280.294,-0.898,0.456
84000,291.402,-0.806,0.602
85000,302.499,-0.848,0.541
86000,312.812,-0.914,0.424
87000,323.461,-0.874,0.502
88000,333.754,-0.705,0.716
89000,345.828,-0.895,0.462
90000,355.439,-0.831,0.568
91000,366.73,-0.765,0.653
92000,376.419,-0.863,0.519
93000,387.9,-0.857,0.529
94000,398.878,-0.82,0.586
95000,408.232,-0.801,0.61
96000,419.194,-0.804,0.604
97000,431.179,-0.857,0.528
98000,441.941,-0.887,0.48
99000,452.912,-0.809,0.601
100000,462.197,-0.752,0.67
101000,473.959,-0.754,0.666
102000,485.292,-0.869,0.509
103000,495.106,-0.865,0.514
104000,506.044,-0.85,0.54
105000,516.419,-0.829,0.573
106000,527.297,-0.847,0.544
107000,538.832,-0.858,0.531
108000,549.125,-0.855,0.532
109000,559.069,-0.879,0.492
110000,569.976,-0.846,0.548
111000,580.733,-0.907,0.439
112000,591.146,-0.759,0.661
113000,603.666,-0.816,0.589
114000,614.025,-0.834,0.565
115000,624.376,-0.871,0.506
116000,635.564,-0.903,0.45
117000,645.347,-0.923,0.408
118000,657.555,-0.893,0.467
119000,667.159,-0.883,0.484
120000,677.658,-0.851,0.54
121000,689.82,-0.891,0.47
122000,698.836,-0.783,0.633
123000,710.036,-0.908,0.437
124000,721.414,-0.812,0.597
125000,731.815,-0.805,0.606
126000,743.031,-0.764,0.655
127000,752.376,-0.875,0.501
128000,764.309,-0.804,0.609
129000,775.349,-0.771,0.647
130000,786.438,-0.883,0.486
131000,797.258,-0.809,0.6
132000,805.936,-0.948,0.345
133000,818.537,-0.784,0.631
134000,828.489,-0.811,0.599
135000,839.761,-0.908,0.438
136000,850.405,-0.826,0.579
137000,861.53,-0.868,0.512
138000,871.648,-0.896,0.46
139000,883.802,-0.89,0.473
140000,894.461,-0.891,0.47
141000,904.376,-0.843,0.55
142000,915.641,-0.757,0.665
143000,927.008,-0.926,0.4
144000,937.971,-0.844,0.551
145000,946.731,-0.846,0.548
146000,959.555,-0.793,0.621
147000,970.158,-0.909,0.436
148000,980.791,-0.868,0.513
149000,991.573,-0.827,0.575
150000,1002.273,-0.831,0.569
151000,1013.267,-0.97,0.275
152000,1024.392,-0.715,0.709
153000,1035.638,-0.744,0.679
154000,1046.635,-0.662,0.757
155000,1056.356,-0.83,0.57
156000,1066.765,-0.931,0.386
157000,1078.191,-0.795,0.619
158000,1088.108,-0.826,0.575
159000,1100.611,-0.739,0.682
160000,1111.399,-0.829,0.572
161000,1120.489,-0.883,0.487
162000,1133.065,-0.859,0.526
163000,1143.387,-0.834,0.565
164000,1154.947,-0.803,0.607
165000,1164.308,-0.838,0.561
166000,1174.809,-0.769,0.65
167000,1185.756,-0.772,0.647
168000,1197.894,-0.784,0.631
169000,1207.705,-0.83,0.572
170000,1218.701,-0.891,0.471
171000,1230.727,-0.894,0.465
172000,1241.41,-0.865,0.516
173000,1251.605,-0.87,0.511
174000,1262.915,-0.727,0.697
175000,1272.263,-0.883,0.487
176000,1283.635,-0.839,0.557
177000,1294.968,-0.673,0.749
178000,1305.241,-0.853,0.535
179000,1316.713,-0.805,0.604
180000,1326.982,-0.795,0.618
181000,1338.412,-0.855,0.535
182000,1347.898,-0.924,0.406
183000,1359.606,-0.811,0.595
184000,1371.038,-0.78,0.637
185000,1382.089,-0.844,0.549
186000,1391.28,-0.879,0.494
187000,1402.746,-0.778,0.639
188000,1413.971,-0.946,0.35
189000,1424.107,-0.811,0.597
190000,1435.75,-0.818,0.588
191000,1446.751,-0.846,0.547
192000,1457.906,-0.762,0.659
193000,1469.01,-0.846,0.547
194000,1478.713,-0.743,0.68
195000,1489.727,-0.795,0.617
196000,1501.958,-0.76,0.661
197000,1512.176,-0.815,0.592
198000,1522.865,-0.869,0.51
199000,1532.56,-0.805,0.604
200000,1542.599,-0.809,0.6
201000,1553.621,-0.87,0.508
202000,1564.911,-0.988,0.208
203000,1574.902,-0.874,0.504
204000,1586.731,-0.878,0.496
205000,1598.105,-0.904,0.446
206000,1608.348,-0.811,0.597
207000,1617.733,-0.855,0.533
208000,1627.031,-0.756,0.664
209000,1638.617,-0.836,0.561
210000,1649.334,-0.776,0.641
211000,1659.682,-0.815,0.592
212000,1671.524,-0.855,0.537
213000,1680.814,-0.901,0.453
214000,1692.633,-0.861,0.526
215000,1703.581,-0.811,0.598
216000,1714.148,-0.786,0.628
217000,1725.808,-0.849,0.543
218000,1735.949,-0.755,0.668
219000,1747.168,-0.803,0.609
220000,1757.942,-0.873,0.504
221000,1768.576,-0.801,0.61
222000,1779.056,-0.805,0.605
223000,1789.484,-0.695,0.727
224000,1799.788,-0.805,0.606
225000,1810.368,-0.827,0.575
226000,1820.631,-0.763,0.655
227000,1832.056,-0.846,0.547
228000,1843.097,-0.787,0.628
229000,1854.092,-0.895,0.462
230000,1866.538,-0.822,0.583
231000,1879.0,-0.827,0.576
232000,1891.783,-0.858,0.53
233000,1902.251,-0.856,0.532
234000,1914.94,-0.676,0.745
235000,1927.195,-0.896,0.46
236000,1936.787,-0.749,0.672
237000,1947.72,-0.703,0.72
238000,1959.068,-0.824,0.579
239000,1969.796,-0.829,0.573
240000,1981.573,-0.878,0.497
241000,1990.63,-0.655,0.764
242000,2001.882,-0.739,0.684
243000,2013.088,-0.827,0.575
244000,2023.77,-0.751,0.67
245000,2034.747,-0.887,0.48
246000,2046.074,-0.886,0.481
247000,2056.657,-0.762,0.658
248000,2067.937,-0.885,0.482
249000,2079.107,-0.747,0.675
250000,2088.773,-0.749,0.675
251000,2100.282,-0.843,0.553
252000,2111.014,-0.807,0.602
253000,2122.316,-0.767,0.652
254000,2133.73,-0.778,0.64
255000,2143.933,-0.804,0.609
256000,2155.456,-0.757,0.664
257000,2166.191,-0.72,0.702
258000,2177.666,-0.795,0.619
259000,2187.456,-0.786,0.628
260000,2199.878,-0.876,0.497
261000,2209.093,-0.836,0.563
262000,2220.714,-0.752,0.67
263000,2231.645,-0.715,0.708
264000,2242.103,-0.834,0.565
265000,2252.952,-0.771,0.648
266000,2264.829,-0.828,0.573
267000,2274.472,-0.858,0.531
268000,2286.875,-0.912,0.429
269000,2297.664,-0.829,0.572
270000,2307.908,-0.782,0.634
271000,2318.471,-0.909,0.436
272000,2329.6,-0.841,0.556
273000,2340.111,-0.786,0.629
274000,2350.476,-0.771,0.647
275000,2361.485,-0.822,0.583
276000,2371.258,-0.84,0.555
277000,2383.607,-0.759,0.661
278000,2393.89,-0.728,0.695
279000,2404.557,-0.795,0.618
280000,2416.203,-0.85,0.539
281000,2427.116,-0.838,0.56
282000,2437.839,-0.821,0.582
283000,2449.755,-0.725,0.697
284000,2459.662,-0.749,0.672
285000,2470.188,-0.889,0.475
286000,2480.975,-0.809,0.6
287000,2491.623,-0.787,0.628
288000,2503.185,-0.71,0.712
289000,2513.841,-0.763,0.656
290000,2523.82,-0.82,0.585
291000,2535.546,-0.772,0.645
292000,2546.643,-0.822,0.583
293000,2556.273,-0.816,0.591
294000,2567.188,-0.852,0.537
295000,2579.219,-0.803,0.608
296000,2589.984,-0.789,0.626
297000,2600.561,-0.789,0.626
298000,2611.431,-0.787,0.629
299000,2622.308,-0.866,0.515
300000,2632.818,-0.751,0.67
301000,2642.647,-0.765,0.654
302000,2653.236,-0.689,0.733
303000,2664.191,-0.799,0.614
304000,2676.115,-0.828,0.572
305000,2685.042,-0.733,0.69
306000,2696.876,-0.795,0.619
307000,2706.675,-0.895,0.462
308000,2716.746,-0.836,0.562
309000,2727.166,-0.827,0.575
310000,2739.655,-0.732,0.69
311000,2749.867,-0.774,0.645
312000,2760.464,-0.89,0.472
313000,2770.877,-0.795,0.617
314000,2781.469,-0.827,0.574
315000,2792.071,-0.813,0.595
316000,2803.154,-0.849,0.543
317000,2814.177,-0.762,0.659
318000,2824.484,-0.82,0.585
319000,2835.98,-0.733,0.69
320000,2846.9,-0.797,0.616
321000,2856.527,-0.78,0.636
322000,2868.819,-0.778,0.639
323000,2879.11,-0.77,0.648
324000,2890.005,-0.89,0.473
325000,2900.747,-0.811,0.598
326000,2911.702,-0.822,0.583
327000,2923.752,-0.81,0.597
328000,2932.743,-0.676,0.746
329000,2945.118,-0.691,0.73
330000,2955.597,-0.905,0.444
331000,2966.517,-0.734,0.689
332000,2977.241,-0.769,0.649
333000,2988.337,-0.749,0.673
334000,2999.304,-0.734,0.687
335000,3010.599,-0.648,0.769
336000,3021.948,-0.822,0.583
337000,3031.938,-0.88,0.49
338000,3042.987,-0.744,0.678
339000,3054.63,-0.757,0.664
340000,3064.654,-0.792,0.621
341000,3075.647,-0.723,0.7
342000,3086.491,-0.803,0.608
343000,3098.393,-0.882,0.487
344000,3109.497,-0.732,0.691
345000,3120.216,-0.769,0.651
346000,3129.587,-0.816,0.591
347000,3140.669,-0.749,0.672
348000,3152.88,-0.659,0.76
349000,3163.629,-0.695,0.727
350000,3174.377,-0.675,0.745
351000,3184.527,-0.725,0.697
352000,3194.539,-0.73,0.692
353000,3206.007,-0.795,0.62
354000,3217.093,-0.82,0.585
355000,3228.053,-0.689,0.732
356000,3239.163,-0.945,0.354
357000,3250.133,-0.852,0.538
358000,3259.838,-0.727,0.697
359000,3270.787,-0.807,0.603
360000,3281.481,-0.791,0.623
361000,3292.397,-0.789,0.626
362000,3303.002,-0.756,0.665
363000,3314.965,-0.805,0.606
364000,3324.51,-0.81,0.6
365000,3337.012,-0.709,0.713
366000,3346.525,-0.773,0.645
367000,3357.511,-0.923,0.408
368000,3369.055,-0.762,0.659
369000,3380.258,-0.741,0.682
370000,3390.372,-0.756,0.665
371000,3402.009,-0.752,0.671
372000,3412.64,-0.725,0.697
373000,3423.78,-0.659,0.761
374000,3433.728,-0.662,0.757
375000,3444.858,-0.787,0.628
376000,3457.277,-0.799,0.612
377000,3468.039,-0.734,0.688
378000,3479.026,-0.689,0.734
379000,3489.976,-0.813,0.595
380000,3501.306,-0.778,0.641
381000,3511.675,-0.832,0.568
382000,3522.055,-0.643,0.773
383000,3531.989,-0.823,0.579
384000,3544.139,-0.644,0.771
385000,3554.393,-0.737,0.686
386000,3565.485,-0.771,0.648
387000,3577.049,-0.725,0.697
388000,3587.055,-0.699,0.723
389000,3597.462,-0.856,0.531
390000,3609.028,-0.654,0.763
391000,3619.31,-0.782,0.634
392000,3631.689,-0.682,0.74
393000,3642.227,-0.734,0.688
394000,3652.317,-0.684,0.737
395000,3664.335,-0.601,0.806
396000,3675.457,-0.807,0.603
397000,3686.417,-0.643,0.772
398000,3697.251,-0.811,0.598
399000,3708.201,-0.764,0.656
400000,3719.057,-0.679,0.743
401000,3730.068,-0.809,0.601
402000,3740.877,-0.874,0.502
403000,3752.068,-0.744,0.679
404000,3762.467,-0.818,0.588
405000,3773.131,-0.836,0.562
406000,3785.164,-0.731,0.691
407000,3795.555,-0.65,0.766
408000,3806.459,-0.807,0.603
409000,3816.81,-0.842,0.553
410000,3827.804,-0.545,0.844
411000,3837.52,-0.744,0.677
412000,3848.847,-0.805,0.605
413000,3858.642,-0.801,0.611
414000,3867.877,-0.728,0.694
415000,3879.122,-0.751,0.669
416000,3888.838,-0.761,0.659
417000,3898.503,-0.78,0.636
418000,3909.789,-0.654,0.764
419000,3918.505,-0.689,0.732
420000,3929.119,-0.771,0.647
421000,3940.402,-0.623,0.789
422000,3949.704,-0.768,0.651
423000,3961.118,-0.784,0.632
424000,3970.619,-0.616,0.795
425000,3981.63,-0.813,0.593
426000,3990.688,-0.725,0.697
427000,4001.282,-0.797,0.614
428000,4010.929,-0.765,0.653
429000,4020.616,-0.649,0.769
430000,4031.485,-0.755,0.664
431000,4042.429,-0.767,0.651
432000,4051.784,-0.636,0.779
433000,4062.181,-0.697,0.724
434000,4071.958,-0.725,0.697
435000,4083.145,-0.768,0.651
436000,4092.849,-0.747,0.674
437000,4103.708,-0.772,0.646
438000,4112.832,-0.78,0.636
439000,4123.227,-0.753,0.666
440000,4135.008,-0.806,0.603
441000,4145.868,-0.776,0.64
442000,4154.546,-0.707,0.715
443000,4165.458,-0.808,0.6
444000,4175.188,-0.765,0.653
445000,4187.171,-0.839,0.558
446000,4196.821,-0.677,0.743
447000,4208.141,-0.76,0.659
448000,4219.759,-0.815,0.591
449000,4230.824,-0.747,0.676
450000,4241.162,-0.855,0.534
451000,4251.341,-0.666,0.753
452000,4262.668,-0.774,0.642
453000,4274.198,-0.792,0.621
454000,4284.559,-0.761,0.659
455000,4295.878,-0.789,0.624
456000,4306.154,-0.724,0.701
457000,4318.04,-0.81,0.598
458000,4328.13,-0.65,0.767
459000,4340.545,-0.801,0.609
460000,4350.481,-0.712,0.711
461000,4360.954,-0.723,0.7
462000,4372.103,-0.755,0.664
463000,4382.856,-0.761,0.659
464000,4394.162,-0.695,0.727
465000,4406.251,-0.616,0.795
466000,4416.784,-0.776,0.641
467000,4427.129,-0.805,0.605
468000,4437.6,-0.797,0.616
469000,4448.805,-0.702,0.719
470000,4460.64,-0.641,0.775
471000,4471.678,-0.707,0.714
472000,4481.786,-0.702,0.721
473000,4493.911,-0.823,0.58
474000,4504.446,-0.698,0.725
475000,4514.418,-0.796,0.616
476000,4526.806,-0.704,0.719
477000,4537.428,-0.737,0.686
478000,4548.038,-0.797,0.616
479000,4559.265,-0.804,0.605
480000,4568.888,-0.772,0.646
481000,4581.55,-0.643,0.774
482000,4592.342,-0.715,0.708
483000,4602.748,-0.65,0.767
484000,4612.775,-0.843,0.55
485000,4625.581,-0.64,0.776
486000,4635.82,-0.749,0.671
487000,4645.51,-0.659,0.759
488000,4657.596,-0.733,0.69
489000,4669.148,-0.727,0.695
490000,4680.17,-0.866,0.514
491000,4690.394,-0.653,0.764
492000,4701.732,-0.72,0.703
493000,4712.7,-0.927,0.398
494000,4723.393,-0.832,0.567
495000,4733.576,-0.765,0.653
496000,4743.871,-0.635,0.78
497000,4756.045,-0.839,0.558
498000,4765.762,-0.641,0.775
499000,4778.323,-0.837,0.56
500000,4788.16,-0.644,0.772
501000,4798.616,-0.821,0.583
502000,4810.597,-0.663,0.756
503000,4821.407,-0.693,0.728
504000,4833.212,-0.751,0.67
505000,4843.624,-0.859,0.527
506000,4854.916,-0.573,0.825
507000,4865.644,-0.872,0.506
508000,4877.139,-0.745,0.676
509000,4886.805,-0.811,0.596
510000,4896.983,-0.725,0.698
511000,4909.523,-0.795,0.618
512000,4919.587,-0.706,0.716
513000,4929.939,-0.712,0.711
514000,4942.117,-0.801,0.61
515000,4953.213,-0.805,0.605
516000,4963.835,-0.789,0.625
517000,4973.772,-0.745,0.676
518000,4984.452,-0.613,0.798
519000,4995.204,-0.795,0.617
520000,5006.089,-0.764,0.655
521000,5016.301,-0.735,0.686
522000,5026.589,-0.732,0.692
523000,5036.666,-0.841,0.553
524000,5046.932,-0.802,0.607
525000,5057.569,-0.797,0.614
526000,5066.173,-0.812,0.595
527000,5077.423,-0.681,0.741
528000,5088.915,-0.762,0.657
529000,5098.325,-0.725,0.698
530000,5110.581,-0.65,0.767
531000,5120.586,-0.717,0.706
532000,5132.21,-0.749,0.672
533000,5142.367,-0.709,0.714
534000,5153.654,-0.813,0.593
535000,5163.224,-0.818,0.586
536000,5176.422,-0.873,0.504
537000,5187.471,-0.64,0.776
538000,5198.138,-0.801,0.611
539000,5208.155,-0.616,0.795
540000,5220.258,-0.863,0.519
541000,5231.154,-0.72,0.703
542000,5243.295,-0.725,0.697
543000,5252.758,-0.695,0.727
544000,5264.945,-0.788,0.626
545000,5276.91,-0.669,0.751
546000,5287.263,-0.688,0.734
547000,5297.228,-0.706,0.717
548000,5309.024,-0.618,0.793
549000,5319.854,-0.803,0.608
550000,5329.716,-0.702,0.721
551000,5341.525,-0.792,0.621
552000,5353.559,-0.626,0.786
553000,5363.953,-0.744,0.677
554000,5373.973,-0.72,0.702
555000,5386.335,-0.842,0.553
556000,5396.114,-0.808,0.6
557000,5407.673,-0.646,0.771
558000,5417.979,-0.72,0.703
559000,5429.685,-0.869,0.509
560000,5441.185,-0.756,0.664
561000,5450.867,-0.663,0.756
562000,5462.987,-0.763,0.657
563000,5472.945,-0.81,0.598
564000,5483.746,-0.698,0.724
565000,5494.483,-0.712,0.712
566000,5506.623,-0.818,0.587
567000,5516.695,-0.774,0.643
568000,5528.504,-0.644,0.772
569000,5538.325,-0.704,0.718
570000,5550.423,-0.772,0.646
571000,5560.615,-0.678,0.743
572000,5571.987,-0.68,0.74
573000,5583.624,-0.774,0.643
574000,5593.696,-0.728,0.695
575000,5605.38,-0.692,0.729
576000,5615.317,-0.727,0.695
577000,5626.569,-0.712,0.71
578000,5638.426,-0.699,0.723
579000,5648.919,-0.688,0.734
580000,5659.941,-0.821,0.582
581000,5669.9,-0.79,0.624
582000,5681.964,-0.758,0.662
583000,5693.661,-0.738,0.684
584000,5703.661,-0.657,0.761
585000,5715.53,-0.788,0.626
586000,5725.145,-0.648,0.769
587000,5737.27,-0.712,0.711
588000,5747.397,-0.754,0.667
589000,5759.661,-0.801,0.61
590000,5769.36,-0.747,0.674
591000,5781.333,-0.72,0.703
592000,5792.546,-0.719,0.703
593000,5802.62,-0.693,0.728
594000,5814.273,-0.826,0.575
595000,5824.098,-0.644,0.771
596000,5835.94,-0.702,0.72
597000,5846.873,-0.815,0.591
598000,5858.478,-0.742,0.679
599000,5868.142,-0.745,0.676
600000,5879.863,-0.74,0.682
601000,5890.073,-0.805,0.605
602000,5901.886,-0.687,0.735
603000,5912.22,-0.784,0.632
604000,5923.622,-0.692,0.729
605000,5934.315,-0.732,0.691
606000,5944.617,-0.678,0.743
607000,5956.781,-0.696,0.726
608000,5968.447,-0.71,0.713
609000,5978.629,-0.77,0.649
610000,5990.739,-0.535,0.85
611000,6000.621,-0.725,0.698
612000,6012.022,-0.76,0.659
613000,6021.66,-0.795,0.616
614000,6033.845,-0.693,0.729
615000,6045.416,-0.707,0.715
616000,6055.65,-0.691,0.731
617000,6065.943,-0.712,0.711
618000,6077.528,-0.74,0.682
619000,6089.245,-0.689,0.732
620000,6099.289,-0.641,0.775
621000,6111.057,-0.738,0.684
622000,6121.093,-0.651,0.767
623000,6133.114,-0.788,0.627
624000,6142.684,-0.657,0.762
625000,6154.899,-0.805,0.605
626000,6166.947,-0.736,0.685
627000,6176.948,-0.725,0.697
628000,6190.032,-0.699,0.723
629000,6201.891,-0.839,0.558
630000,6214.212,-0.761,0.659
631000,6226.909,-0.655,0.763
632000,6239.599,-0.709,0.713
633000,6252.774,-0.639,0.776
634000,6262.706,-0.683,0.738
635000,6274.189,-0.74,0.682
636000,6285.805,-0.717,0.705
637000,6295.946,-0.78,0.637
638000,6307.411,-0.747,0.674
639000,6319.045,-0.71,0.713
640000,6329.381,-0.723,0.7
641000,6339.946,-0.653,0.764
642000,6351.967,-0.704,0.719
643000,6362.474,-0.778,0.639
644000,6373.765,-0.751,0.669
645000,6385.169,-0.819,0.584
646000,6395.174,-0.669,0.751
647000,6407.056,-0.648,0.77
648000,6417.136,-0.678,0.743
649000,6427.952,-0.832,0.567
650000,6440.141,-0.669,0.752
651000,6450.205,-0.699,0.723
652000,6462.071,-0.526,0.856
653000,6471.591,-0.704,0.719
654000,6482.74,-0.738,0.684
655000,6491.736,-0.816,0.589
656000,6501.825,-0.791,0.622
657000,6513.474,-0.655,0.762
658000,6523.189,-0.624,0.789
659000,6532.417,-0.803,0.608
660000,6542.169,-0.65,0.768
661000,6553.129,-0.687,0.735
662000,6563.156,-0.57,0.828
663000,6573.916,-0.751,0.669
664000,6584.479,-0.828,0.573
665000,6593.927,-0.608,0.8
666000,6604.193,-0.741,0.68
667000,6614.868,-0.7,0.722
668000,6624.077,-0.808,0.6
669000,6635.041,-0.722,0.7
670000,6645.857,-0.702,0.72
671000,6654.871,-0.869,0.509
672000,6665.66,-0.651,0.766
673000,6675.479,-0.749,0.672
674000,6687.304,-0.754,0.667
675000,6698.156,-0.674,0.746
676000,6709.569,-0.654,0.763
677000,6719.082,-0.749,0.671
678000,6729.885,-0.668,0.751
679000,6741.165,-0.674,0.745
680000,6752.621,-0.811,0.596
681000,6762.182,-0.576,0.824
682000,6773.982,-0.692,0.73
683000,6784.472,-0.813,0.595
684000,6795.512,-0.751,0.669
685000,6805.773,-0.685,0.736
686000,6817.191,-0.68,0.74
687000,6826.811,-0.651,0.766
688000,6838.509,-0.642,0.773
689000,6850.021,-0.73,0.692
690000,6860.943,-0.741,0.68
691000,6870.801,-0.601,0.806
692000,6882.341,-0.808,0.6
693000,6892.241,-0.693,0.729
694000,6904.188,-0.669,0.751
695000,6913.74,-0.71,0.713
696000,6925.113,-0.783,0.631
697000,6936.01,-0.823,0.579
698000,6945.973,-0.749,0.671
699000,6956.632,-0.654,0.763
700000,6968.045,-0.707,0.716
701000,6979.035,-0.692,0.73
702000,6989.638,-0.682,0.74
703000,7000.89,-0.797,0.614
704000,7012.069,-0.68,0.74
705000,7022.324,-0.73,0.692
706000,7033.246,-0.668,0.751
707000,7045.064,-0.594,0.811
708000,7055.223,-0.762,0.657
709000,7067.136,-0.678,0.743
710000,7078.406,-0.68,0.741
711000,7088.3,-0.699,0.723
712000,7100.226,-0.696,0.726
713000,7110.16,-0.634,0.78
714000,7121.611,-0.695,0.727
715000,7131.58,-0.797,0.614
716000,7143.402,-0.823,0.58
717000,7154.369,-0.764,0.654
718000,7164.514,-0.788,0.627
719000,7175.885,-0.686,0.735
720000,7185.571,-0.787,0.627
721000,7197.405,-0.763,0.656
722000,7207.539,-0.751,0.67
723000,7218.798,-0.756,0.664
724000,7228.984,-0.675,0.746
725000,7240.187,-0.635,0.779
726000,7249.836,-0.653,0.764
727000,7262.065,-0.808,0.601
728000,7273.147,-0.657,0.761
729000,7282.988,-0.85,0.54
730000,7294.651,-0.597,0.809
731000,7306.537,-0.806,0.603
732000,7316.236,-0.783,0.631
733000,7327.663,-0.704,0.718
734000,7338.993,-0.778,0.638
735000,7349.648,-0.744,0.677
736000,7359.545,-0.704,0.718
737000,7371.214,-0.669,0.751
738000,7380.915,-0.618,0.792
739000,7392.182,-0.672,0.749
740000,7403.733,-0.76,0.659
741000,7415.055,-0.784,0.631
742000,7424.615,-0.828,0.573
743000,7436.417,-0.641,0.775
744000,7446.324,-0.774,0.643
745000,7457.982,-0.663,0.757
746000,7467.739,-0.681,0.74
747000,7479.051,-0.697,0.725
748000,7490.367,-0.795,0.617
749000,7499.863,-0.783,0.631
750000,7511.185,-0.538,0.848
751000,7523.215,-0.715,0.708
752000,7533.027,-0.76,0.659
753000,7543.687,-0.816,0.59
754000,7555.999,-0.751,0.669
755000,7567.345,-0.82,0.584
756000,7577.555,-0.699,0.723
757000,7589.521,-0.761,0.659
758000,7599.986,-0.728,0.695
759000,7610.19,-0.78,0.637
760000,7621.762,-0.597,0.808
761000,7632.172,-0.72,0.703
762000,7642.167,-0.699,0.723
763000,7653.775,-0.628,0.785
764000,7665.415,-0.797,0.614
765000,7675.925,-0.747,0.675
766000,7687.865,-0.693,0.729
767000,7697.861,-0.692,0.73
768000,7709.763,-0.77,0.648
769000,7721.92,-0.774,0.643
770000,7732.697,-0.669,0.751
771000,7743.34,-0.712,0.71
772000,7752.529,-0.651,0.766
773000,7763.673,-0.731,0.692
774000,7772.763,-0.852,0.536
775000,7783.448,-0.684,0.737
776000,7793.268,-0.828,0.571
777000,7804.532,-0.715,0.708
778000,7813.249,-0.749,0.672
779000,7823.761,-0.772,0.644
780000,7834.11,-0.677,0.743
781000,7845.279,-0.699,0.723
782000,7855.006,-0.685,0.737
783000,7864.05,-0.672,0.748
784000,7875.069,-0.695,0.727
785000,7885.08,-0.726,0.695
786000,7894.747,-0.733,0.688
787000,7905.493,-0.643,0.773
788000,7916.27,-0.747,0.674
789000,7926.958,-0.583,0.819
790000,7937.309,-0.719,0.703
791000,7946.612,-0.709,0.713
792000,7957.197,-0.68,0.741
793000,7967.737,-0.762,0.656
794000,7977.915,-0.726,0.696
795000,7987.337,-0.72,0.703
796000,7997.852,-0.726,0.695
797000,8009.042,-0.837,0.559
798000,8020.358,-0.697,0.724
799000,8032.116,-0.831,0.569
800000,8041.719,-0.813,0.593
801000,8053.273,-0.764,0.655
802000,8063.648,-0.669,0.752
803000,8074.86,-0.804,0.605
804000,8086.656,-0.788,0.626
805000,8096.575,-0.745,0.677
806000,8107.949,-0.692,0.73
807000,8118.739,-0.627,0.785
808000,8130.417,-0.639,0.776
809000,8140.427,-0.792,0.622
810000,8151.691,-0.641,0.775
811000,8162.825,-0.743,0.678
812000,8174.855,-0.678,0.744
813000,8184.821,-0.774,0.644
814000,8196.367,-0.687,0.735
815000,8207.517,-0.624,0.788
816000,8219.181,-0.758,0.662
817000,8230.029,-0.575,0.823
818000,8240.99,-0.671,0.749
819000,8252.669,-0.76,0.659
820000,8262.335,-0.672,0.748
821000,8274.283,-0.712,0.711
822000,8284.477,-0.693,0.729
823000,8295.756,-0.802,0.607
824000,8307.491,-0.644,0.772
825000,8317.438,-0.74,0.682
826000,8329.114,-0.672,0.749
827000,8339.545,-0.765,0.653
828000,8351.874,-0.693,0.729
829000,8362.254,-0.763,0.657
830000,8373.558,-0.82,0.584
831000,8383.513,-0.756,0.665
832000,8395.913,-0.749,0.673
833000,8406.069,-0.651,0.767
834000,8417.532,-0.74,0.682
835000,8427.891,-0.656,0.762
836000,8439.943,-0.733,0.689
837000,8450.468,-0.701,0.722
838000,8461.699,-0.685,0.736
839000,8472.016,-0.765,0.654
840000,8483.567,-0.611,0.798
841000,8494.725,-0.734,0.688
842000,8506.072,-0.654,0.763
843000,8516.437,-0.601,0.806
844000,8527.984,-0.78,0.636
845000,8539.166,-0.789,0.625
846000,8550.667,-0.695,0.727
847000,8560.657,-0.758,0.662
848000,8571.835,-0.557,0.835
849000,8583.315,-0.725,0.698
850000,8594.85,-0.625,0.787
851000,8605.212,-0.59,0.814
852000,8616.879,-0.851,0.537
853000,8628.053,-0.719,0.702
854000,8638.719,-0.607,0.8
855000,8649.935,-0.649,0.768
856000,8661.577,-0.712,0.71
857000,8672.726,-0.804,0.605
858000,8683.007,-0.731,0.692
859000,8692.943,-0.784,0.632
860000,8705.019,-0.663,0.756
861000,8714.539,-0.742,0.679
862000,8726.897,-0.805,0.605
863000,8736.84,-0.666,0.754
864000,8748.25,-0.636,0.778
865000,8759.763,-0.669,0.751
866000,8769.512,-0.684,0.737
867000,8782.289,-0.519,0.859
868000,8792.979,-0.747,0.673
869000,8803.574,-0.655,0.762
870000,8814.91,-0.624,0.788
871000,8826.54,-0.79,0.625
872000,8836.012,-0.799,0.612
873000,8847.568,-0.688,0.733
874000,8858.984,-0.745,0.676
875000,8870.393,-0.631,0.783
876000,8881.698,-0.766,0.652
877000,8891.574,-0.795,0.617
878000,8903.246,-0.68,0.741
879000,8914.777,-0.672,0.749
880000,8925.537,-0.809,0.598
881000,8936.645,-0.649,0.768
882000,8947.688,-0.71,0.712
883000,8958.537,-0.841,0.553
884000,8968.376,-0.78,0.636
885000,8979.679,-0.789,0.625
886000,8991.686,-0.843,0.551
887000,9002.565,-0.604,0.803
888000,9013.905,-0.785,0.629
889000,9025.364,-0.764,0.655
890000,9036.369,-0.776,0.64
891000,9045.995,-0.697,0.725
892000,9058.502,-0.715,0.707
893000,9069.449,-0.759,0.66
894000,9079.108,-0.834,0.564
895000,9090.259,-0.755,0.664
896000,9101.162,-0.811,0.596
897000,9112.85,-0.751,0.67
898000,9124.149,-0.736,0.685
899000,9135.659,-0.625,0.787
900000,9146.143,-0.626,0.787
901000,9158.004,-0.722,0.7
902000,9168.186,-0.709,0.714
903000,9179.993,-0.77,0.649
904000,9189.531,-0.77,0.647
905000,9201.131,-0.663,0.757
906000,9212.743,-0.646,0.771
907000,9224.3,-0.797,0.614
908000,9234.407,-0.792,0.621
909000,9245.928,-0.795,0.617
910000,9255.812,-0.881,0.489
911000,9267.286,-0.712,0.711
912000,9279.436,-0.753,0.667
913000,9289.775,-0.712,0.711
914000,9301.408,-0.76,0.659
915000,9311.007,-0.628,0.785
916000,9322.263,-0.764,0.654
917000,9333.356,-0.774,0.643
918000,9344.754,-0.734,0.688
919000,9355.724,-0.574,0.825
920000,9367.343,-0.707,0.715
921000,9376.904,-0.597,0.808
922000,9389.591,-0.693,0.728
923000,9398.909,-0.722,0.7
924000,9410.268,-0.782,0.634
925000,9421.936,-0.736,0.686
926000,9433.741,-0.615,0.795
927000,9443.55,-0.74,0.681
928000,9454.557,-0.679,0.741
929000,9467.097,-0.696,0.726
930000,9478.114,-0.607,0.8
931000,9488.156,-0.799,0.61
932000,9499.241,-0.695,0.727
933000,9510.662,-0.722,0.7
934000,9522.033,-0.611,0.797
935000,9533.166,-0.702,0.719
936000,9544.1,-0.763,0.655
937000,9553.951,-0.72,0.702
938000,9565.617,-0.74,0.681
939000,9576.98,-0.642,0.773
940000,9588.094,-0.757,0.662
941000,9598.622,-0.735,0.686
942000,9609.82,-0.691,0.731
943000,9620.508,-0.543,0.845
944000,9631.573,-0.691,0.73
945000,9642.424,-0.757,0.662
946000,9653.494,-0.614,0.796
947000,9664.534,-0.71,0.712
948000,9676.076,-0.745,0.677
949000,9687.378,-0.685,0.736
950000,9698.218,-0.707,0.714
951000,9709.387,-0.759,0.659
952000,9720.488,-0.635,0.78
953000,9731.343,-0.717,0.705
954000,9742.786,-0.657,0.76
955000,9754.315,-0.622,0.789
956000,9765.648,-0.7,0.722
957000,9775.324,-0.764,0.654
958000,9786.472,-0.78,0.636
959000,9797.559,-0.763,0.655
960000,9808.522,-0.825,0.576
961000,9819.322,-0.696,0.726
962000,9830.709,-0.638,0.777
963000,9841.502,-0.674,0.746
964000,9853.995,-0.797,0.613
965000,9865.021,-0.757,0.662
966000,9876.234,-0.591,0.813
967000,9885.729,-0.563,0.832
968000,9896.91,-0.624,0.788
969000,9908.109,-0.719,0.703
970000,9919.517,-0.683,0.738
971000,9930.22,-0.747,0.673
972000,9941.749,-0.694,0.727
973000,9950.591,-0.674,0.746
974000,9962.543,-0.677,0.743
975000,9971.24,-0.772,0.645
976000,9983.0,-0.781,0.634
977000,9992.683,-0.61,0.798
978000,10002.536,-0.778,0.639
979000,10013.747,-0.569,0.828
980000,10023.959,-0.624,0.788
981000,10033.487,-0.723,0.698
982000,10043.642,-0.717,0.704
983000,10053.802,-0.71,0.712
984000,10063.849,-0.691,0.73
985000,10073.913,-0.761,0.657
986000,10085.525,-0.655,0.762
987000,10095.482,-0.639,0.775
988000,10105.478,-0.759,0.66
989000,10115.53,-0.714,0.707
990000,10125.86,-0.624,0.788
991000,10135.969,-0.726,0.696
992000,10147.106,-0.778,0.637
993000,10157.168,-0.729,0.693
994000,10167.261,-0.701,0.721
995000,10177.227,-0.617,0.793
996000,10187.313,-0.663,0.755
997000,10197.653,-0.828,0.571
998000,10207.324,-0.633,0.78
999000,10219.528,-0.845,0.547
1000000,10229.862,-0.786,0.627
1001000,10240.202,-0.557,0.836
1002000,10252.345,-0.757,0.662
1003000,10263.423,-0.71,0.712
1004000,10274.074,-0.763,0.655
1005000,10284.832,-0.712,0.71
1006000,10295.542,-0.741,0.679
1007000,10308.007,-0.728,0.693
1008000,10318.28,-0.671,0.748
1009000,10329.122,-0.707,0.714
1010000,10340.153,-0.745,0.676
1011000,10351.003,-0.726,0.695
1012000,10363.09,-0.755,0.664
1013000,10373.529,-0.832,0.565
1014000,10384.847,-0.787,0.626
1015000,10396.09,-0.783,0.631
1016000,10406.476,-0.912,0.426
1017000,10417.572,-0.635,0.78
1018000,10428.107,-0.788,0.625
1019000,10439.135,-0.635,0.779
1020000,10451.02,-0.601,0.805
1021000,10460.658,-0.838,0.557
1022000,10472.805,-0.737,0.684
1023000,10484.092,-0.68,0.74
1024000,10494.664,-0.687,0.733
1025000,10505.488,-0.696,0.726
1026000,10516.505,-0.772,0.645
1027000,10527.363,-0.809,0.598
1028000,10537.952,-0.733,0.688
1029000,10548.294,-0.83,0.569
1030000,10560.628,-0.626,0.785
1031000,10571.458,-0.776,0.64
1032000,10582.753,-0.671,0.748
1033000,10593.734,-0.761,0.657
1034000,10604.871,-0.691,0.73
1035000,10615.722,-0.668,0.751
1036000,10627.429,-0.732,0.689
1037000,10638.255,-0.714,0.707
1038000,10649.195,-0.726,0.695
1039000,10659.855,-0.66,0.758
1040000,10670.542,-0.717,0.705
1041000,10680.981,-0.719,0.703
1042000,10692.045,-0.824,0.577
1043000,10702.982,-0.791,0.622
1044000,10714.662,-0.755,0.664
1045000,10725.292,-0.794,0.618
1046000,10737.038,-0.762,0.655
1047000,10747.497,-0.658,0.76
1048000,10758.081,-0.578,0.821
1049000,10769.144,-0.772,0.645
1050000,10781.317,-0.769,0.648
1051000,10791.698,-0.522,0.857
1052000,10802.656,-0.778,0.637
1053000,10813.507,-0.827,0.573
1054000,10824.591,-0.691,0.731
1055000,10835.02,-0.802,0.606
1056000,10847.459,-0.792,0.62
1057000,10858.234,-0.731,0.691
1058000,10869.087,-0.671,0.748
1059000,10879.567,-0.684,0.736
1060000,10889.957,-0.692,0.729
1061000,10901.655,-0.708,0.713
1062000,10913.691,-0.757,0.662
1063000,10924.472,-0.719,0.703
1064000,10935.71,-0.749,0.672
1065000,10946.053,-0.721,0.701
1066000,10956.899,-0.679,0.741
1067000,10967.811,-0.843,0.549
1068000,10978.471,-0.698,0.723
1069000,10990.783,-0.765,0.653
1070000,11001.397,-0.703,0.719
1071000,11012.127,-0.696,0.726
1072000,11022.242,-0.732,0.689
1073000,11034.581,-0.786,0.627
1074000,11045.451,-0.633,0.78
1075000,11055.681,-0.79,0.622
1076000,11067.841,-0.847,0.543
1077000,11078.751,-0.623,0.789
1078000,11089.312,-0.636,0.778
1079000,11100.379,-0.717,0.705
1080000,11110.892,-0.785,0.629
1081000,11123.206,-0.735,0.686
1082000,11133.549,-0.816,0.587
1083000,11144.162,-0.663,0.755
1084000,11156.147,-0.769,0.648
1085000,11166.586,-0.739,0.681
1086000,11177.893,-0.714,0.708
1087000,11188.952,-0.789,0.624
1088000,11199.91,-0.738,0.683
1089000,11210.941,-0.597,0.808
1090000,11221.421,-0.735,0.686
1091000,11232.255,-0.714,0.708
1092000,11242.875,-0.802,0.606
1093000,11255.274,-0.813,0.591
1094000,11265.878,-0.779,0.635
1095000,11276.455,-0.767,0.65
1096000,11287.3,-0.714,0.708
1097000,11298.883,-0.732,0.689
1098000,11309.514,-0.721,0.701
1099000,11320.773,-0.809,0.598
1100000,11331.502,-0.712,0.71
1101000,11342.047,-0.698,0.723
1102000,11354.107,-0.647,0.768
1103000,11364.967,-0.674,0.746
1104000,11375.471,-0.799,0.611
1105000,11386.202,-0.731,0.691
1106000,11396.676,-0.594,0.81
1107000,11408.797,-0.723,0.698
1108000,11419.455,-0.861,0.521
1109000,11430.608,-0.638,0.777
1110000,11441.01,-0.63,0.783
1111000,11451.864,-0.705,0.716
1112000,11462.857,-0.755,0.664
1113000,11474.905,-0.712,0.709
1114000,11485.584,-0.761,0.657
1115000,11496.081,-0.821,0.581
1116000,11506.93,-0.701,0.721
1117000,11519.47,-0.701,0.721
1118000,11529.734,-0.772,0.644
1119000,11540.39,-0.778,0.638
1120000,11551.198,-0.685,0.736
1121000,11563.211,-0.712,0.709
1122000,11574.055,-0.828,0.571
1123000,11585.049,-0.741,0.68
1124000,11595.511,-0.705,0.716
1125000,11607.662,-0.692,0.729
1126000,11618.585,-0.647,0.769
1127000,11629.267,-0.747,0.673
1128000,11639.338,-0.549,0.84
1129000,11651.71,-0.698,0.723
1130000,11661.974,-0.726,0.696
1131000,11672.424,-0.708,0.714
1132000,11683.368,-0.715,0.708
1133000,11695.331,-0.689,0.731
1134000,11706.664,-0.732,0.69
1135000,11717.493,-0.712,0.71
1136000,11728.371,-0.679,0.741
1137000,11739.162,-0.663,0.755
1138000,11749.9,-0.71,0.712
1139000,11760.488,-0.619,0.791
1140000,11772.854,-0.655,0.762
1141000,11783.056,-0.772,0.644
1142000,11793.487,-0.723,0.698
1143000,11805.431,-0.71,0.712
1144000,11815.51,-0.751,0.668
1145000,11827.633,-0.753,0.667
1146000,11837.945,-0.712,0.709
1147000,11848.337,-0.786,0.627
1148000,11859.394,-0.638,0.777
1149000,11871.249,-0.666,0.753
1150000,11882.198,-0.736,0.686
1151000,11892.894,-0.708,0.714
1152000,11904.793,-0.684,0.736
1153000,11915.058,-0.712,0.709
1154000,11925.773,-0.703,0.719
1155000,11936.626,-0.743,0.678
1156000,11948.571,-0.679,0.741
1157000,11958.703,-0.774,0.641
1158000,11970.934,-0.642,0.773
1159000,11980.987,-0.701,0.72
1160000,11991.778,-0.685,0.736
1161000,12004.036,-0.658,0.76
1162000,12014.752,-0.861,0.521
1163000,12025.343,-0.761,0.657
1164000,12035.76,-0.786,0.627
1165000,12046.627,-0.703,0.718
1166000,12058.983,-0.693,0.729
1167000,12069.646,-0.816,0.587
1168000,12081.076,-0.651,0.765
1169000,12091.31,-0.694,0.727
1170000,12103.178,-0.704,0.718
1171000,12113.362,-0.802,0.607
1172000,12124.95,-0.843,0.548
1173000,12134.802,-0.734,0.687
1174000,12146.504,-0.721,0.7
1175000,12157.986,-0.708,0.713
1176000,12168.699,-0.717,0.705
1177000,12179.272,-0.701,0.721
1178000,12190.539,-0.814,0.591
1179000,12201.711,-0.552,0.838
1180000,12211.678,-0.721,0.7
1181000,12223.984,-0.767,0.65
1182000,12234.295,-0.793,0.618
1183000,12246.034,-0.688,0.732
1184000,12256.728,-0.731,0.691
1185000,12268.088,-0.758,0.66
1186000,12278.258,-0.671,0.748
1187000,12290.16,-0.69,0.731
1188000,12300.491,-0.607,0.801
1189000,12312.294,-0.819,0.584
1190000,12322.27,-0.766,0.651
1191000,12334.483,-0.71,0.711
1192000,12344.359,-0.64,0.774
1193000,12356.45,-0.721,0.7
1194000,12366.395,-0.658,0.759
1195000,12377.771,-0.639,0.775
1196000,12389.63,-0.567,0.829
1197000,12400.445,-0.668,0.75
1198000,12410.672,-0.723,0.698
1199000,12421.256,-0.741,0.68
1200000,12432.662,-0.663,0.755
1201000,12443.272,-0.703,0.718
1202000,12455.514,-0.692,0.729
1203000,12465.933,-0.774,0.641
1204000,12476.389,-0.815,0.589
1205000,12488.456,-0.751,0.669
1206000,12498.993,-0.719,0.703
1207000,12510.765,-0.717,0.705
1208000,12520.959,-0.661,0.757
1209000,12532.701,-0.714,0.707
1210000,12542.749,-0.691,0.73
1211000,12554.548,-0.706,0.715
1212000,12565.032,-0.639,0.775
1213000,12576.955,-0.674,0.746
1214000,12587.712,-0.666,0.753
1215000,12597.906,-0.701,0.72
1216000,12609.959,-0.708,0.714
1217000,12620.398,-0.666,0.753
1218000,12630.591,-0.832,0.565
1219000,12642.349,-0.691,0.73
1220000,12652.675,-0.676,0.743
1221000,12664.669,-0.712,0.709
1222000,12675.112,-0.761,0.657
1223000,12686.682,-0.661,0.757
1224000,12697.118,-0.772,0.643
1225000,12709.396,-0.636,0.778
1226000,12719.552,-0.647,0.768
1227000,12731.091,-0.698,0.723
1228000,12742.038,-0.761,0.657
1229000,12752.252,-0.653,0.763
1230000,12764.163,-0.771,0.646
1231000,12774.464,-0.714,0.707
1232000,12786.278,-0.65,0.766
1233000,12796.189,-0.71,0.711
1234000,12807.909,-0.668,0.75
1235000,12818.389,-0.681,0.739
1236000,12830.396,-0.765,0.652
1237000,12841.346,-0.644,0.772
1238000,12851.931,-0.645,0.771
1239000,12862.023,-0.686,0.734
1240000,12873.59,-0.681,0.739
1241000,12884.992,-0.721,0.7
1242000,12895.949,-0.601,0.805
1243000,12906.466,-0.71,0.712
1244000,12916.845,-0.753,0.667
1245000,12928.24,-0.644,0.771
1246000,12939.925,-0.668,0.751
1247000,12950.547,-0.799,0.611
1248000,12961.633,-0.768,0.65
1249000,12972.504,-0.559,0.835
1250000,12984.36,-0.732,0.689
1251000,12994.84,-0.671,0.748
1252000,13005.575,-0.781,0.634
1253000,13016.276,-0.776,0.64
1254000,13027.221,-0.78,0.636
1255000,13039.531,-0.749,0.671
1256000,13050.084,-0.658,0.76
1257000,13060.623,-0.847,0.543
1258000,13071.632,-0.601,0.805
1259000,13083.348,-0.607,0.8
1260000,13094.279,-0.745,0.675
1261000,13104.903,-0.701,0.721
1262000,13115.421,-0.687,0.734
1263000,13127.508,-0.853,0.533
1264000,13138.993,-0.738,0.683
1265000,13148.515,-0.68,0.741
1266000,13160.407,-0.753,0.666
1267000,13171.679,-0.789,0.625
1268000,13181.767,-0.751,0.668
1269000,13193.239,-0.658,0.76
1270000,13203.49,-0.637,0.776
1271000,13215.807,-0.682,0.738
1272000,13226.623,-0.693,0.728
1273000,13237.652,-0.806,0.603
1274000,13248.408,-0.731,0.691
1275000,13258.789,-0.693,0.727
1276000,13270.594,-0.757,0.662
1277000,13282.307,-0.811,0.594
1278000,13292.801,-0.692,0.729
1279000,13303.902,-0.742,0.678
1280000,13314.521,-0.717,0.705
1281000,13325.049,-0.681,0.739
1282000,13336.966,-0.694,0.727
1283000,13347.695,-0.719,0.702
1284000,13358.633,-0.703,0.718
1285000,13369.037,-0.763,0.655
1286000,13380.616,-0.592,0.811
1287000,13391.019,-0.724,0.698
1288000,13401.899,-0.626,0.786
1289000,13413.15,-0.816,0.588
1290000,13423.983,-0.751,0.669
1291000,13435.772,-0.712,0.709
1292000,13446.479,-0.812,0.594
1293000,13457.979,-0.592,0.811
1294000,13468.218,-0.689,0.732
1295000,13480.363,-0.71,0.712
1296000,13491.193,-0.71,0.712
1297000,13501.665,-0.728,0.694
1298000,13512.144,-0.755,0.664
1299000,13523.798,-0.704,0.717
1300000,13535.541,-0.732,0.689
1301000,13544.964,-0.755,0.664
1302000,13556.215,-0.685,0.736
1303000,13568.459,-0.726,0.696
1304000,13578.708,-0.76,0.658
1305000,13590.521,-0.704,0.718
1306000,13600.987,-0.785,0.629
1307000,13612.961,-0.637,0.776
1308000,13623.022,-0.721,0.7
1309000,13634.627,-0.73,0.691
1310000,13645.034,-0.699,0.722
1311000,13657.102,-0.666,0.753
1312000,13668.02,-0.852,0.536
1313000,13678.078,-0.725,0.696
1314000,13690.197,-0.663,0.756
1315000,13700.723,-0.737,0.684
1316000,13711.059,-0.785,0.629
1317000,13723.071,-0.714,0.707
1318000,13733.637,-0.689,0.731
1319000,13743.96,-0.774,0.642
1320000,13755.419,-0.743,0.677
1321000,13766.123,-0.799,0.611
1322000,13778.267,-0.692,0.729
1323000,13789.083,-0.761,0.658
1324000,13799.097,-0.723,0.699
1325000,13810.791,-0.808,0.598
1326000,13821.493,-0.671,0.748
1327000,13833.649,-0.772,0.643
1328000,13843.634,-0.73,0.691
1329000,13854.176,-0.687,0.734
1330000,13865.814,-0.678,0.741
1331000,13876.403,-0.692,0.729
1332000,13888.788,-0.814,0.591
1333000,13899.684,-0.743,0.678
1334000,13910.11,-0.694,0.727
1335000,13921.529,-0.606,0.801
1336000,13931.767,-0.622,0.789
1337000,13943.475,-0.671,0.748
1338000,13953.805,-0.71,0.712
1339000,13965.321,-0.646,0.769
1340000,13975.432,-0.653,0.764
1341000,13987.54,-0.591,0.812
1342000,13997.639,-0.633,0.779
1343000,14008.617,-0.787,0.627
1344000,14019.453,-0.682,0.738
1345000,14030.621,-0.718,0.703
1346000,14041.794,-0.677,0.744
1347000,14053.143,-0.725,0.696
1348000,14064.042,-0.712,0.709
1349000,14075.705,-0.73,0.692
1350000,14086.999,-0.854,0.533
1351000,14097.33,-0.714,0.707
1352000,14109.36,-0.772,0.643
1353000,14119.387,-0.762,0.655
1354000,14131.034,-0.745,0.675
1355000,14142.138,-0.791,0.622
1356000,14152.522,-0.788,0.625
1357000,14164.509,-0.734,0.686
1358000,14175.435,-0.747,0.673
1359000,14185.966,-0.645,0.771
1360000,14197.552,-0.736,0.685
1361000,14208.773,-0.67,0.748
1362000,14219.863,-0.797,0.613
1363000,14230.084,-0.772,0.644
1364000,14241.749,-0.706,0.716
1365000,14252.729,-0.745,0.676
1366000,14262.787,-0.73,0.692
1367000,14275.211,-0.737,0.684
1368000,14285.292,-0.691,0.729
1369000,14296.63,-0.641,0.773
1370000,14308.099,-0.661,0.757
1371000,14318.536,-0.642,0.773
1372000,14330.71,-0.757,0.662
1373000,14340.554,-0.774,0.641
1374000,14352.246,-0.533,0.851
1375000,14363.937,-0.732,0.689
1376000,14374.373,-0.755,0.664
1377000,14385.737,-0.753,0.666
1378000,14396.174,-0.819,0.583
1379000,14406.875,-0.645,0.771
1380000,14418.703,-0.854,0.532
1381000,14428.924,-0.637,0.776
1382000,14441.13,-0.578,0.821
1383000,14452.319,-0.675,0.744
1384000,14462.867,-0.703,0.717
1385000,14474.482,-0.684,0.737
1386000,14485.889,-0.683,0.737
1387000,14496.242,-0.688,0.732
1388000,14507.866,-0.766,0.651
1389000,14518.913,-0.773,0.643
1390000,14528.655,-0.636,0.777
1391000,14541.328,-0.753,0.666
1392000,14551.384,-0.825,0.575
1393000,14563.103,-0.732,0.689
1394000,14573.156,-0.655,0.762
1395000,14584.939,-0.684,0.736
1396000,14595.944,-0.753,0.666
1397000,14606.009,-0.699,0.722
1398000,14617.522,-0.661,0.757
1399000,14629.171,-0.661,0.757
1400000,14639.52,-0.743,0.677
1401000,14650.424,-0.796,0.615
1402000,14662.373,-0.619,0.791
1403000,14673.086,-0.712,0.71
1404000,14683.553,-0.767,0.651
1405000,14694.94,-0.744,0.676
1406000,14705.44,-0.757,0.662
1407000,14717.157,-0.679,0.741
1408000,14728.901,-0.755,0.664
1409000,14738.565,-0.69,0.73
1410000,14750.29,-0.708,0.714
1411000,14761.891,-0.693,0.728
1412000,14771.74,-0.716,0.705
1413000,14783.031,-0.744,0.676
1414000,14794.109,-0.606,0.801
1415000,14805.553,-0.691,0.73
1416000,14817.022,-0.803,0.604
1417000,14828.291,-0.744,0.676
1418000,14838.318,-0.723,0.698
1419000,14849.638,-0.687,0.732
1420000,14861.516,-0.721,0.701
1421000,14871.754,-0.704,0.718
1422000,14883.265,-0.81,0.596
1423000,14893.048,-0.663,0.755
1424000,14904.75,-0.589,0.814
1425000,14915.914,-0.615,0.794
1426000,14927.542,-0.736,0.685
1427000,14938.13,-0.575,0.824
1428000,14949.758,-0.678,0.741
1429000,14959.56,-0.736,0.685
1430000,14971.298,-0.762,0.655
1431000,14981.656,-0.71,0.711
1432000,14993.875,-0.607,0.801
1433000,15004.21,-0.637,0.776
1434000,15015.419,-0.698,0.723
1435000,15025.761,-0.774,0.641
1436000,15037.188,-0.708,0.713
1437000,15048.446,-0.695,0.725
1438000,15058.673,-0.796,0.614
1439000,15070.026,-0.621,0.79
1440000,15081.632,-0.786,0.627
1441000,15092.962,-0.712,0.709
1442000,15104.494,-0.758,0.659
1443000,15114.431,-0.742,0.678
1444000,15125.546,-0.797,0.612
1445000,15137.045,-0.671,0.748
1446000,15148.263,-0.756,0.662
1447000,15158.897,-0.671,0.748
1448000,15170.676,-0.699,0.722
1449000,15182.204,-0.727,0.694
1450000,15192.175,-0.712,0.709
1451000,15203.821,-0.699,0.722
1452000,15214.542,-0.735,0.686
1453000,15225.848,-0.76,0.658
1454000,15237.311,-0.631,0.782
1455000,15247.415,-0.668,0.75
1456000,15258.83,-0.766,0.651
1457000,15270.119,-0.744,0.676
1458000,15281.563,-0.643,0.772
1459000,15291.23,-0.671,0.748
1460000,15302.668,-0.769,0.647
1461000,15313.975,-0.758,0.66
1462000,15325.118,-0.747,0.672
1463000,15335.84,-0.684,0.736
1464000,15347.19,-0.733,0.688
1465000,15358.288,-0.8,0.608
1466000,15369.775,-0.716,0.705
1467000,15381.205,-0.815,0.588
1468000,15391.503,-0.79,0.623
1469000,15403.533,-0.699,0.722
1470000,15414.105,-0.802,0.607
1471000,15425.004,-0.64,0.774
1472000,15436.574,-0.719,0.702
1473000,15447.62,-0.702,0.718
1474000,15458.769,-0.722,0.698
1475000,15468.342,-0.818,0.584
1476000,15479.782,-0.687,0.732
1477000,15491.475,-0.774,0.641
1478000,15501.796,-0.653,0.763
1479000,15513.153,-0.719,0.703
1480000,15524.702,-0.656,0.761
1481000,15534.886,-0.61,0.798
1482000,15545.75,-0.809,0.596
1483000,15557.232,-0.766,0.651
1484000,15568.121,-0.698,0.722
1485000,15579.632,-0.549,0.841
1486000,15590.882,-0.609,0.798
1487000,15601.141,-0.666,0.753
1488000,15611.562,-0.668,0.751
1489000,15624.085,-0.842,0.551
1490000,15634.257,-0.658,0.76
1491000,15645.729,-0.708,0.713
1492000,15657.138,-0.742,0.678
1493000,15668.253,-0.718,0.702
1494000,15678.539,-0.74,0.68
1495000,15689.955,-0.701,0.72
1496000,15700.307,-0.745,0.675
1497000,15711.662,-0.781,0.633
1498000,15723.38,-0.753,0.666
1499000,15734.677,-0.685,0.735
1500000,15744.777,-0.794,0.617
1501000,15756.551,-0.743,0.677
1502000,15767.621,-0.733,0.687
1503000,15778.097,-0.818,0.585
1504000,15789.577,-0.738,0.682
1505000,15799.689,-0.71,0.711
1506000,15810.983,-0.685,0.735
1507000,15822.061,-0.682,0.737
1508000,15833.527,-0.766,0.651
1509000,15844.626,-0.649,0.767
1510000,15856.028,-0.685,0.735
1511000,15867.662,-0.736,0.685
1512000,15877.56,-0.769,0.647
1513000,15888.961,-0.663,0.755
1514000,15899.159,-0.632,0.781
1515000,15910.146,-0.767,0.65
1516000,15921.369,-0.783,0.631
1517000,15932.967,-0.706,0.716
1518000,15944.498,-0.734,0.687
1519000,15954.223,-0.733,0.687
1520000,15965.763,-0.742,0.678
1521000,15977.22,-0.74,0.681
1522000,15988.597,-0.666,0.752
1523000,15999.889,-0.731,0.69
1524000,16009.96,-0.739,0.682
1525000,16021.666,-0.727,0.694
1526000,16031.804,-0.761,0.658
1527000,16043.602,-0.699,0.722
1528000,16054.081,-0.728,0.693
1529000,16065.801,-0.821,0.582
1530000,16076.257,-0.66,0.756
1531000,16088.044,-0.753,0.666
1532000,16098.971,-0.704,0.717
1533000,16109.857,-0.782,0.631
1534000,16121.054,-0.706,0.715
1535000,16132.529,-0.704,0.718
1536000,16142.634,-0.762,0.656
1537000,16153.478,-0.698,0.722
1538000,16164.87,-0.695,0.725
1539000,16176.618,-0.762,0.655
1540000,16186.637,-0.646,0.77
1541000,16198.382,-0.759,0.66
1542000,16208.565,-0.764,0.653
1543000,16219.465,-0.795,0.615
1544000,16230.966,-0.661,0.757
1545000,16241.387,-0.819,0.583
1546000,16252.897,-0.676,0.744
1547000,16264.659,-0.814,0.59
1548000,16274.707,-0.751,0.668
1549000,16285.834,-0.661,0.756
1550000,16297.509,-0.788,0.625
1551000,16308.114,-0.757,0.661
1552000,16319.542,-0.789,0.623
1553000,16330.821,-0.71,0.711
1554000,16341.086,-0.776,0.639
1555000,16352.577,-0.727,0.694
1556000,16363.573,-0.62,0.79
1557000,16374.665,-0.702,0.719
1558000,16386.292,-0.723,0.698
1559000,16396.139,-0.708,0.713
1560000,16407.645,-0.81,0.597
1561000,16419.237,-0.639,0.775
1562000,16429.694,-0.721,0.7
1563000,16441.444,-0.653,0.764
1564000,16452.686,-0.76,0.658
1565000,16462.459,-0.787,0.625
1566000,16474.443,-0.79,0.622
1567000,16484.733,-0.647,0.769
1568000,16496.596,-0.774,0.642
1569000,16506.796,-0.781,0.633
1570000,16517.807,-0.666,0.753
1571000,16529.029,-0.659,0.758
1572000,16539.995,-0.631,0.781
1573000,16551.062,-0.803,0.604
1574000,16562.743,-0.836,0.559
1575000,16574.043,-0.702,0.719
1576000,16585.246,-0.733,0.687
1577000,16596.358,-0.673,0.746
1578000,16607.432,-0.779,0.635
1579000,16617.226,-0.831,0.566
1580000,16628.976,-0.811,0.595
1581000,16640.173,-0.766,0.651
1582000,16651.659,-0.758,0.659
1583000,16661.274,-0.8,0.608
1584000,16672.607,-0.673,0.745
1585000,16684.147,-0.84,0.553
1586000,16695.899,-0.784,0.629
1587000,16705.909,-0.753,0.666
1588000,16716.793,-0.708,0.713
1589000,16729.214,-0.752,0.666
1590000,16739.184,-0.814,0.591
1591000,16751.23,-0.804,0.604
1592000,16762.23,-0.56,0.833
1593000,16772.371,-0.7,0.721
1594000,16784.603,-0.68,0.74
1595000,16794.474,-0.799,0.61
1596000,16805.998,-0.725,0.697
1597000,16816.828,-0.732,0.688
1598000,16828.941,-0.756,0.662
1599000,16839.555,-0.802,0.606
1600000,16851.075,-0.646,0.77
1601000,16860.982,-0.744,0.676
1602000,16871.854,-0.64,0.774
1603000,16883.391,-0.706,0.715
1604000,16895.488,-0.743,0.677
1605000,16905.658,-0.717,0.705
1606000,16916.973,-0.725,0.696
1607000,16928.316,-0.745,0.674
1608000,16938.216,-0.778,0.637
1609000,16950.612,-0.52,0.858
1610000,16961.531,-0.765,0.652
1611000,16972.722,-0.749,0.67
1612000,16982.776,-0.676,0.743
1613000,16994.571,-0.753,0.666
1614000,17005.565,-0.747,0.672
1615000,17016.815,-0.727,0.694
1616000,17027.842,-0.64,0.774
1617000,17037.603,-0.676,0.743
1618000,17049.19,-0.751,0.668
1619000,17060.524,-0.716,0.705
1620000,17071.657,-0.733,0.687
1621000,17083.365,-0.734,0.687
1622000,17093.601,-0.761,0.658
1623000,17104.748,-0.735,0.686
1624000,17115.727,-0.64,0.774
1625000,17127.083,-0.817,0.586
1626000,17138.329,-0.758,0.66
1627000,17148.831,-0.832,0.565
1628000,17160.45,-0.636,0.777
1629000,17172.194,-0.574,0.825
1630000,17182.111,-0.766,0.651
1631000,17194.036,-0.772,0.643
1632000,17204.915,-0.751,0.668
1633000,17214.79,-0.678,0.741
1634000,17226.068,-0.744,0.676
1635000,17237.858,-0.779,0.635
1636000,17247.837,-0.749,0.67
1637000,17259.201,-0.641,0.773
1638000,17270.484,-0.773,0.643
1639000,17281.778,-0.738,0.681
1640000,17293.104,-0.753,0.666
1641000,17303.353,-0.671,0.748
1642000,17314.825,-0.648,0.767
1643000,17326.152,-0.74,0.68
1644000,17337.665,-0.71,0.711
1645000,17348.767,-0.7,0.721
1646000,17358.988,-0.717,0.705
1647000,17370.315,-0.666,0.753
1648000,17381.356,-0.678,0.742
1649000,17392.749,-0.68,0.74
1650000,17403.868,-0.733,0.688
1651000,17415.133,-0.706,0.715
1652000,17425.179,-0.727,0.694
1653000,17436.58,-0.753,0.666
1654000,17447.82,-0.805,0.602
1655000,17459.472,-0.751,0.668
1656000,17469.498,-0.693,0.728
1657000,17480.419,-0.668,0.75
1658000,17491.92,-0.683,0.737
1659000,17503.162,-0.755,0.664
1660000,17514.636,-0.71,0.711
1661000,17525.866,-0.7,0.721
1662000,17535.618,-0.758,0.659
1663000,17546.777,-0.779,0.635
1664000,17558.386,-0.766,0.651
1665000,17569.372,-0.7,0.721
1666000,17580.75,-0.687,0.733
1667000,17591.93,-0.818,0.585
1668000,17602.252,-0.701,0.72
1669000,17612.995,-0.678,0.742
1670000,17624.449,-0.784,0.628
1671000,17636.182,-0.661,0.757
1672000,17647.359,-0.744,0.676
1673000,17657.302,-0.754,0.664
1674000,17668.77,-0.624,0.787
1675000,17680.458,-0.796,0.614
1676000,17690.485,-0.749,0.67
1677000,17701.798,-0.702,0.718
1678000,17713.91,-0.568,0.828
1679000,17723.875,-0.749,0.671
1680000,17735.177,-0.773,0.643
1681000,17746.247,-0.615,0.794
1682000,17757.486,-0.771,0.644
1683000,17768.248,-0.712,0.709
1684000,17779.414,-0.817,0.587
1685000,17790.28,-0.718,0.702
1686000,17801.425,-0.695,0.726
1687000,17813.145,-0.732,0.689
1688000,17824.445,-0.706,0.715
1689000,17834.383,-0.655,0.761
1690000,17845.65,-0.687,0.733
1691000,17856.392,-0.652,0.764
1692000,17867.671,-0.762,0.656
1693000,17879.442,-0.66,0.758
1694000,17890.747,-0.729,0.692
1695000,17900.785,-0.751,0.669
1696000,17912.041,-0.799,0.61
1697000,17923.62,-0.618,0.791
1698000,17934.649,-0.635,0.778
1699000,17945.972,-0.632,0.781
1700000,17956.859,-0.6,0.805
1701000,17967.587,-0.671,0.748
1702000,17979.274,-0.574,0.825
1703000,17993.032,-0.803,0.604
1704000,18004.505,-0.722,0.698
1705000,18015.321,-0.74,0.679
1706000,18026.806,-0.64,0.774
1707000,18037.842,-0.779,0.635
1708000,18049.024,-0.789,0.623
1709000,18060.587,-0.721,0.701
1710000,18072.29,-0.678,0.742
1711000,18082.345,-0.788,0.625
1712000,18093.888,-0.727,0.694
1713000,18105.517,-0.779,0.635
1714000,18115.713,-0.628,0.784
1715000,18127.156,-0.658,0.759
1716000,18138.985,-0.648,0.767
1717000,18149.659,-0.767,0.651
1718000,18161.151,-0.753,0.666
1719000,18171.249,-0.753,0.666
1720000,18182.497,-0.694,0.726
1721000,18194.454,-0.719,0.703
1722000,18204.524,-0.768,0.648
1723000,18215.898,-0.758,0.66
1724000,18226.632,-0.706,0.714
1725000,18238.09,-0.786,0.627
1726000,18249.776,-0.81,0.597
1727000,18260.984,-0.644,0.771
1728000,18271.72,-0.74,0.679
1729000,18282.656,-0.737,0.683
1730000,18293.271,-0.771,0.645
1731000,18304.751,-0.799,0.61
1732000,18316.166,-0.783,0.631
1733000,18326.087,-0.723,0.698
1734000,18337.142,-0.637,0.776
1735000,18348.723,-0.723,0.698
1736000,18360.432,-0.793,0.618
1737000,18370.244,-0.774,0.641
1738000,18381.822,-0.734,0.687
1739000,18392.609,-0.746,0.673
1740000,18403.486,-0.737,0.684
1741000,18414.767,-0.675,0.743
1742000,18425.619,-0.795,0.615
1743000,18436.76,-0.68,0.739
1744000,18448.543,-0.779,0.635
1745000,18459.785,-0.708,0.713
1746000,18470.578,-0.744,0.675
1747000,18481.94,-0.758,0.66
1748000,18491.921,-0.728,0.694
1749000,18503.885,-0.732,0.689
1750000,18515.042,-0.714,0.706
1751000,18524.98,-0.678,0.741
1752000,18536.367,-0.708,0.712
1753000,18547.626,-0.744,0.676
1754000,18558.666,-0.649,0.767
1755000,18569.951,-0.712,0.708
1756000,18581.066,-0.706,0.714
1757000,18592.414,-0.675,0.744
1758000,18603.764,-0.798,0.612
1759000,18613.591,-0.76,0.658
1760000,18625.477,-0.772,0.644
1761000,18636.735,-0.802,0.606
1762000,18646.881,-0.704,0.718
1763000,18658.293,-0.685,0.734
1764000,18669.77,-0.773,0.643
1765000,18681.09,-0.774,0.64
1766000,18692.583,-0.771,0.645
1767000,18703.61,-0.789,0.623
1768000,18714.962,-0.692,0.728
1769000,18724.562,-0.714,0.706
1770000,18735.806,-0.7,0.721
1771000,18747.3,-0.725,0.696
1772000,18758.926,-0.684,0.737
1773000,18769.952,-0.754,0.664
1774000,18780.855,-0.778,0.637
1775000,18791.374,-0.749,0.671
1776000,18802.253,-0.7,0.72
1777000,18813.731,-0.76,0.658
1778000,18824.902,-0.62,0.79
1779000,18836.551,-0.717,0.705
1780000,18847.485,-0.684,0.736
1781000,18858.558,-0.805,0.602
1782000,18869.735,-0.656,0.761
1783000,18879.622,-0.706,0.715
1784000,18891.416,-0.747,0.672
1785000,18902.657,-0.8,0.609
1786000,18912.571,-0.636,0.777
1787000,18923.868,-0.747,0.672
1788000,18934.932,-0.731,0.69
1789000,18946.656,-0.582,0.819
1790000,18956.891,-0.753,0.666
1791000,18968.332,-0.658,0.759
1792000,18978.871,-0.567,0.828
1793000,18991.216,-0.73,0.69
1794000,19001.279,-0.732,0.689
1795000,19012.717,-0.595,0.81
1796000,19024.585,-0.648,0.768
1797000,19035.52,-0.649,0.767
1798000,19045.826,-0.71,0.711
1799000,19057.096,-0.814,0.59
1800000,19068.419,-0.731,0.69
1801000,19079.874,-0.753,0.666
1802000,19090.751,-0.762,0.656
1803000,19101.393,-0.73,0.69
1804000,19112.652,-0.702,0.719
1805000,19123.388,-0.71,0.71
1806000,19133.946,-0.764,0.652
1807000,19145.54,-0.661,0.757
1808000,19156.406,-0.678,0.741
1809000,19167.774,-0.802,0.606
1810000,19179.141,-0.651,0.765
1811000,19188.952,-0.827,0.572
1812000,19200.649,-0.771,0.645
1813000,19211.806,-0.636,0.777
1814000,19222.809,-0.7,0.72
1815000,19233.642,-0.805,0.603
1816000,19244.497,-0.726,0.694
1817000,19255.854,-0.694,0.726
1818000,19266.84,-0.698,0.722
1819000,19278.541,-0.688,0.732
1820000,19289.176,-0.732,0.688
1821000,19300.084,-0.654,0.762
1822000,19312.517,-0.74,0.679
1823000,19322.442,-0.698,0.724
1824000,19333.563,-0.626,0.785
1825000,19345.54,-0.746,0.673
1826000,19356.653,-0.687,0.733
1827000,19367.623,-0.637,0.776
1828000,19378.74,-0.684,0.735
1829000,19390.229,-0.678,0.741
1830000,19401.266,-0.863,0.516
1831000,19411.135,-0.784,0.629
1832000,19422.997,-0.646,0.769
1833000,19434.339,-0.802,0.606
1834000,19444.331,-0.742,0.679
1835000,19455.52,-0.618,0.792
1836000,19466.711,-0.751,0.668
1837000,19477.941,-0.661,0.756
1838000,19488.948,-0.675,0.744
1839000,19500.554,-0.784,0.629
1840000,19512.138,-0.686,0.734
1841000,19521.899,-0.695,0.726
1842000,19533.293,-0.747,0.672
1843000,19545.32,-0.663,0.754
1844000,19555.328,-0.786,0.627
1845000,19566.318,-0.592,0.812
1846000,19577.873,-0.69,0.73
1847000,19589.408,-0.725,0.696
1848000,19599.965,-0.737,0.684
1849000,19611.143,-0.666,0.752
1850000,19622.71,-0.692,0.728
1851000,19633.745,-0.706,0.715
1852000,19644.768,-0.698,0.722
1853000,19656.046,-0.69,0.731
1854000,19667.653,-0.719,0.703
1855000,19678.388,-0.698,0.722
1856000,19689.56,-0.71,0.711
1857000,19700.651,-0.668,0.75
1858000,19711.697,-0.803,0.605
1859000,19723.135,-0.698,0.723
1860000,19734.126,-0.654,0.762
1861000,19745.553,-0.725,0.696
1862000,19756.546,-0.64,0.774
1863000,19767.444,-0.756,0.662
1864000,19777.815,-0.712,0.708
1865000,19789.184,-0.727,0.694
1866000,19800.408,-0.708,0.713
1867000,19811.851,-0.716,0.705
1868000,19823.019,-0.718,0.702
1869000,19833.898,-0.737,0.684
1870000,19845.25,-0.716,0.705
1871000,19856.164,-0.751,0.668
1872000,19867.31,-0.735,0.685
1873000,19878.478,-0.645,0.77
1874000,19889.673,-0.695,0.726
1875000,19900.056,-0.751,0.668
1876000,19911.097,-0.722,0.698
1877000,19922.098,-0.774,0.641
1878000,19934.569,-0.726,0.694
1879000,19945.72,-0.72,0.7
1880000,19956.611,-0.726,0.694
1881000,19967.341,-0.759,0.658
1882000,19977.99,-0.868,0.507
1883000,19988.866,-0.781,0.633
1884000,20000.255,-0.783,0.631
1885000,20012.053,-0.653,0.764
1886000,20022.369,-0.788,0.625
1887000,20033.279,-0.687,0.733
1888000,20045.192,-0.747,0.672
1889000,20055.488,-0.676,0.744
1890000,20067.603,-0.661,0.756
1891000,20077.488,-0.729,0.692
1892000,20089.651,-0.62,0.79
1893000,20100.534,-0.722,0.698
1894000,20111.601,-0.85,0.537
1895000,20122.734,-0.749,0.67
1896000,20134.332,-0.723,0.698
1897000,20144.701,-0.714,0.707
1898000,20155.007,-0.647,0.769
1899000,20167.354,-0.682,0.737
1900000,20177.983,-0.704,0.716
1901000,20188.543,-0.766,0.651
1902000,20200.018,-0.771,0.645
1903000,20210.819,-0.586,0.815
1904000,20221.939,-0.731,0.689
1905000,20233.25,-0.583,0.818
1906000,20244.723,-0.779,0.635
1907000,20256.397,-0.77,0.647
1908000,20267.424,-0.763,0.654
1909000,20278.496,-0.72,0.7
1910000,20289.07,-0.681,0.738
1911000,20300.079,-0.663,0.754
1912000,20310.842,-0.781,0.633
1913000,20321.719,-0.668,0.75
1914000,20333.079,-0.646,0.769
1915000,20343.825,-0.782,0.631
1916000,20355.049,-0.745,0.674
1917000,20366.482,-0.678,0.742
1918000,20377.943,-0.773,0.643
1919000,20387.801,-0.71,0.711
1920000,20399.244,-0.712,0.709
1921000,20410.967,-0.768,0.649
1922000,20421.712,-0.647,0.768
1923000,20433.233,-0.766,0.651
1924000,20443.958,-0.575,0.822
1925000,20454.846,-0.598,0.806
1926000,20465.63,-0.668,0.75
1927000,20477.16,-0.784,0.629
1928000,20488.16,-0.706,0.715
1929000,20499.054,-0.678,0.742
1930000,20510.685,-0.671,0.748
1931000,20521.852,-0.729,0.692
1932000,20533.246,-0.695,0.726
1933000,20543.531,-0.742,0.678
1934000,20555.616,-0.682,0.737
1935000,20566.65,-0.68,0.739
1936000,20577.757,-0.776,0.639
1937000,20588.537,-0.642,0.772
1938000,20599.972,-0.58,0.819
1939000,20611.079,-0.735,0.685
1940000,20621.917,-0.659,0.758
1941000,20633.141,-0.652,0.764
1942000,20644.272,-0.69,0.731
1943000,20655.094,-0.682,0.738
1944000,20666.132,-0.737,0.684
1945000,20677.183,-0.651,0.765
1946000,20687.886,-0.763,0.653
1947000,20699.337,-0.687,0.732
1948000,20710.178,-0.682,0.737
1949000,20721.525,-0.673,0.746
1950000,20731.598,-0.658,0.759
1951000,20744.118,-0.71,0.71
1952000,20753.929,-0.673,0.745
1953000,20764.712,-0.632,0.78
1954000,20776.352,-0.698,0.723
1955000,20787.482,-0.673,0.746
1956000,20798.296,-0.668,0.75
1957000,20810.854,-0.609,0.799
1958000,20821.746,-0.656,0.76
1959000,20832.967,-0.776,0.639
1960000,20844.224,-0.702,0.719
1961000,20854.422,-0.719,0.702
1962000,20865.562,-0.751,0.668
1963000,20877.068,-0.769,0.647
1964000,20887.819,-0.756,0.662
1965000,20898.72,-0.654,0.762
1966000,20910.024,-0.718,0.702
1967000,20920.82,-0.77,0.645
1968000,20931.864,-0.696,0.724
1969000,20942.912,-0.735,0.685
1970000,20954.238,-0.744,0.676
1971000,20965.545,-0.666,0.753
1972000,20976.765,-0.789,0.622
1973000,20988.313,-0.764,0.653
1974000,20998.232,-0.729,0.692
1975000,21010.409,-0.636,0.777
1976000,21021.645,-0.774,0.641
1977000,21031.334,-0.729,0.692
1978000,21042.831,-0.731,0.69
1979000,21054.18,-0.554,0.837
1980000,21066.205,-0.704,0.716
1981000,21076.764,-0.654,0.762
1982000,21086.861,-0.805,0.602
1983000,21099.618,-0.698,0.722
1984000,21110.716,-0.606,0.8
1985000,21121.9,-0.765,0.651
1986000,21131.935,-0.797,0.612
1987000,21142.609,-0.645,0.77
1988000,21154.489,-0.756,0.662
1989000,21165.266,-0.506,0.867
1990000,21176.684,-0.753,0.666
1991000,21187.624,-0.708,0.713
1992000,21199.414,-0.761,0.658
1993000,21210.388,-0.663,0.754
1994000,21220.212,-0.781,0.633
1995000,21231.481,-0.678,0.742
1996000,21243.036,-0.766,0.651
1997000,21254.312,-0.714,0.707
1998000,21265.132,-0.732,0.688
1999000,21275.976,-0.698,0.722
2000000,21286.766,-0.781,0.633
2001000,21297.961,-0.687,0.732
2002000,21308.847,-0.742,0.677
2003000,21320.712,-0.781,0.633
2004000,21331.642,-0.718,0.703
2005000,21343.069,-0.714,0.707
2006000,21354.304,-0.658,0.759
2007000,21365.632,-0.776,0.639
2008000,21376.836,-0.661,0.757
2009000,21387.775,-0.714,0.706
2010000,21399.111,-0.806,0.6
2011000,21409.73,-0.659,0.758
2012000,21420.916,-0.698,0.723
2013000,21432.564,-0.629,0.783
2014000,21443.044,-0.693,0.727
2015000,21454.131,-0.708,0.713
2016000,21465.203,-0.702,0.719
2017000,21476.424,-0.793,0.617
2018000,21487.37,-0.712,0.708
2019000,21498.876,-0.755,0.664
2020000,21509.581,-0.696,0.724
2021000,21521.01,-0.671,0.748
2022000,21532.156,-0.658,0.759
2023000,21543.066,-0.575,0.823
2024000,21554.538,-0.623,0.787
2025000,21565.662,-0.776,0.639
2026000,21576.084,-0.625,0.786
2027000,21588.502,-0.682,0.738
2028000,21599.493,-0.792,0.619
2029000,21610.032,-0.749,0.669
2030000,21621.288,-0.698,0.723
2031000,21632.566,-0.774,0.64
2032000,21642.789,-0.643,0.772
2033000,21653.868,-0.694,0.726
2034000,21665.97,-0.749,0.669
2035000,21677.187,-0.835,0.56
2036000,21687.912,-0.65,0.765
2037000,21699.675,-0.666,0.753
2038000,21709.29,-0.71,0.711
2039000,21720.939,-0.683,0.737
2040000,21732.102,-0.742,0.678
2041000,21743.76,-0.779,0.635
2042000,21754.38,-0.641,0.773
2043000,21765.511,-0.747,0.672
2044000,21776.758,-0.815,0.588
2045000,21787.959,-0.684,0.735
2046000,21798.928,-0.805,0.602
2047000,21810.219,-0.687,0.733
2048000,21821.202,-0.806,0.601
2049000,21832.103,-0.694,0.726
2050000,21843.143,-0.69,0.73
2051000,21854.263,-0.652,0.765
2052000,21865.333,-0.62,0.79
2053000,21876.401,-0.706,0.715
2054000,21887.238,-0.782,0.631
2055000,21898.498,-0.744,0.676
2056000,21909.14,-0.695,0.725
2057000,21920.143,-0.631,0.781
2058000,21931.472,-0.68,0.739
2059000,21942.873,-0.842,0.549
2060000,21954.358,-0.678,0.742
2061000,21965.362,-0.694,0.727
2062000,21975.383,-0.755,0.664
2063000,21986.557,-0.668,0.75
2064000,21997.743,-0.818,0.585
2065000,22009.193,-0.767,0.65
2066000,22020.085,-0.687,0.733
2067000,22031.432,-0.661,0.757
2068000,22042.713,-0.668,0.75
2069000,22053.36,-0.722,0.698
2070000,22064.286,-0.71,0.71
2071000,22075.706,-0.736,0.685
2072000,22086.937,-0.647,0.769
2073000,22097.858,-0.702,0.718
2074000,22109.593,-0.686,0.733
2075000,22120.41,-0.698,0.722
2076000,22131.775,-0.663,0.754
2077000,22142.947,-0.658,0.759
2078000,22153.915,-0.749,0.67
2079000,22164.313,-0.697,0.724
2080000,22175.12,-0.778,0.637
2081000,22186.555,-0.805,0.602
2082000,22198.219,-0.686,0.734
2083000,22208.37,-0.697,0.725
2084000,22219.413,-0.698,0.722
2085000,22230.763,-0.666,0.752
2086000,22242.117,-0.675,0.744
2087000,22253.07,-0.768,0.648
2088000,22263.931,-0.77,0.646
2089000,22274.898,-0.808,0.599
2090000,22287.017,-0.693,0.727
2091000,22298.106,-0.716,0.705
2092000,22308.995,-0.73,0.69
2093000,22320.484,-0.751,0.668
2094000,22331.552,-0.712,0.708
2095000,22342.18,-0.631,0.781
2096000,22353.476,-0.712,0.708
2097000,22364.505,-0.71,0.71
2098000,22375.745,-0.644,0.771
2099000,22386.733,-0.724,0.696
2100000,22397.899,-0.758,0.66
2101000,22409.196,-0.635,0.779
2102000,22420.28,-0.749,0.67
2103000,22431.438,-0.735,0.686
2104000,22442.248,-0.606,0.801
2105000,22453.409,-0.823,0.577
2106000,22464.301,-0.67,0.748
2107000,22475.47,-0.716,0.705
2108000,22486.612,-0.69,0.73
2109000,22497.73,-0.749,0.67
2110000,22508.993,-0.763,0.654
2111000,22519.619,-0.81,0.595
2112000,22530.801,-0.716,0.704
2113000,22541.731,-0.589,0.813
2114000,22552.773,-0.747,0.672
2115000,22563.8,-0.549,0.841
2116000,22575.642,-0.712,0.708
2117000,22586.879,-0.76,0.658
2118000,22597.521,-0.636,0.777
2119000,22608.262,-0.691,0.729
2120000,22619.123,-0.708,0.712
2121000,22630.199,-0.718,0.703
2122000,22641.86,-0.729,0.692
2123000,22652.946,-0.666,0.752
2124000,22663.853,-0.806,0.6
2125000,22674.96,-0.7,0.72
2126000,22685.845,-0.865,0.512
2127000,22697.213,-0.666,0.752
2128000,22708.439,-0.671,0.748
2129000,22719.905,-0.841,0.552
2130000,22730.664,-0.687,0.733
2131000,22741.25,-0.672,0.746
2132000,22753.212,-0.799,0.609
2133000,22764.516,-0.658,0.758
2134000,22774.345,-0.802,0.606
2135000,22786.601,-0.698,0.722
2136000,22797.025,-0.686,0.734
2137000,22807.938,-0.792,0.619
2138000,22819.064,-0.673,0.746
2139000,22830.124,-0.727,0.694
2140000,22842.09,-0.684,0.736
2141000,22852.936,-0.768,0.648
2142000,22864.095,-0.623,0.788
2143000,22874.859,-0.666,0.752
2144000,22885.321,-0.632,0.78
2145000,22896.247,-0.578,0.821
2146000,22907.222,-0.614,0.794
2147000,22919.922,-0.738,0.681
2148000,22931.072,-0.735,0.685
2149000,22941.909,-0.628,0.783
2150000,22952.183,-0.738,0.682
2151000,22964.293,-0.652,0.764
2152000,22975.384,-0.763,0.654
2153000,22986.353,-0.67,0.748
2154000,22997.405,-0.702,0.719
2155000,23008.366,-0.73,0.69
2156000,23019.427,-0.661,0.757
2157000,23030.443,-0.819,0.583
2158000,23042.302,-0.626,0.785
2159000,23053.083,-0.728,0.692
2160000,23064.028,-0.694,0.726
2161000,23074.748,-0.598,0.807
2162000,23086.513,-0.695,0.725
2163000,23097.559,-0.684,0.735
2164000,23108.458,-0.551,0.839
2165000,23119.652,-0.789,0.623
2166000,23130.668,-0.68,0.74
2167000,23141.686,-0.712,0.708
2168000,23152.683,-0.64,0.774
2169000,23163.702,-0.68,0.74
2170000,23175.092,-0.799,0.61
2171000,23186.255,-0.718,0.702
2172000,23197.141,-0.799,0.61
2173000,23209.026,-0.635,0.778
2174000,23219.802,-0.714,0.706
2175000,23231.395,-0.842,0.55
2176000,23242.119,-0.699,0.721
2177000,23252.781,-0.722,0.698
2178000,23264.798,-0.802,0.606
2179000,23275.658,-0.696,0.724
2180000,23286.582,-0.684,0.735
2181000,23297.544,-0.722,0.698
2182000,23308.459,-0.768,0.648
2183000,23319.343,-0.694,0.726
2184000,23330.392,-0.684,0.735
2185000,23341.127,-0.767,0.65
2186000,23352.478,-0.704,0.717
2187000,23363.151,-0.852,0.533
2188000,23374.376,-0.704,0.717
2189000,23385.724,-0.702,0.719
2190000,23397.817,-0.8,0.607
2191000,23408.641,-0.798,0.611
2192000,23418.945,-0.664,0.754
2193000,23431.068,-0.759,0.658
2194000,23441.718,-0.742,0.677
2195000,23452.677,-0.661,0.756
2196000,23463.902,-0.653,0.763
2197000,23474.828,-0.666,0.752
2198000,23485.297,-0.779,0.634
2199000,23496.523,-0.632,0.781
2200000,23507.639,-0.609,0.798
2201000,23519.351,-0.791,0.62
2202000,23530.431,-0.759,0.658
2203000,23541.746,-0.726,0.694
2204000,23552.417,-0.635,0.778
2205000,23564.786,-0.771,0.644
2206000,23574.539,-0.758,0.66
2207000,23586.727,-0.611,0.796
2208000,23597.964,-0.743,0.676
2209000,23609.216,-0.737,0.684
2210000,23620.428,-0.668,0.75
2211000,23631.125,-0.661,0.756
2212000,23642.614,-0.744,0.676
2213000,23653.585,-0.68,0.739
2214000,23664.686,-0.729,0.692
2215000,23675.258,-0.646,0.769
2216000,23685.961,-0.706,0.714
2217000,23698.01,-0.67,0.748
2218000,23708.128,-0.71,0.711
2219000,23720.053,-0.681,0.738
2220000,23730.859,-0.675,0.744
2221000,23741.439,-0.686,0.733
2222000,23752.329,-0.767,0.65
2223000,23763.45,-0.712,0.709
2224000,23775.309,-0.727,0.692
2225000,23786.132,-0.598,0.807
2226000,23796.914,-0.771,0.643
2227000,23808.188,-0.714,0.707
2228000,23818.976,-0.673,0.746
2229000,23830.936,-0.635,0.778
2230000,23840.997,-0.714,0.707
2231000,23853.173,-0.782,0.631
2232000,23862.955,-0.731,0.69
2233000,23875.12,-0.716,0.704
2234000,23885.8,-0.704,0.716
2235000,23897.001,-0.704,0.717
2236000,23908.208,-0.773,0.643
2237000,23919.62,-0.744,0.676
2238000,23929.373,-0.708,0.714
2239000,23940.377,-0.737,0.683
2240000,23952.597,-0.647,0.768
2241000,23963.533,-0.728,0.692
2242000,23974.014,-0.536,0.848
2243000,23984.833,-0.726,0.694
2244000,23997.034,-0.609,0.798
2245000,24008.117,-0.722,0.698
2246000,24019.133,-0.747,0.672
2247000,24029.854,-0.706,0.714
2248000,24040.876,-0.747,0.672
2249000,24051.631,-0.687,0.733
2250000,24063.731,-0.735,0.684
2251000,24074.604,-0.728,0.692
2252000,24084.867,-0.674,0.744
2253000,24097.043,-0.7,0.72
2254000,24107.528,-0.633,0.779
2255000,24118.968,-0.649,0.767
2256000,24129.556,-0.681,0.738
2257000,24140.491,-0.696,0.724
2258000,24152.096,-0.696,0.724
2259000,24162.931,-0.756,0.662
2260000,24173.87,-0.735,0.686
2261000,24185.669,-0.718,0.702
2262000,24196.762,-0.816,0.587
2263000,24207.767,-0.781,0.633
2264000,24218.447,-0.682,0.738
2265000,24229.837,-0.641,0.773
2266000,24240.736,-0.716,0.705
2267000,24252.007,-0.71,0.711
2268000,24262.433,-0.657,0.76
2269000,24274.733,-0.716,0.704
2270000,24285.422,-0.691,0.729
2271000,24296.194,-0.611,0.796
2272000,24307.373,-0.644,0.771
2273000,24318.205,-0.782,0.631
2274000,24329.143,-0.72,0.701
2275000,24340.285,-0.661,0.756
2276000,24352.406,-0.708,0.712
2277000,24362.546,-0.747,0.671
2278000,24374.548,-0.726,0.694
2279000,24385.135,-0.754,0.664
2280000,24395.236,-0.614,0.794
2281000,24407.94,-0.633,0.779
2282000,24418.633,-0.65,0.766
2283000,24429.993,-0.625,0.786
2284000,24440.633,-0.737,0.682
2285000,24452.464,-0.712,0.708
2286000,24463.258,-0.749,0.669
2287000,24474.487,-0.729,0.692
2288000,24484.963,-0.693,0.727
2289000,24495.771,-0.686,0.733
2290000,24507.908,-0.652,0.764
2291000,24518.6,-0.654,0.762
2292000,24529.209,-0.666,0.752
2293000,24541.466,-0.724,0.696
2294000,24552.296,-0.714,0.706
2295000,24563.116,-0.759,0.658
2296000,24573.769,-0.666,0.752
2297000,24584.917,-0.666,0.752
2298000,24596.915,-0.724,0.696
2299000,24607.622,-0.7,0.72
2300000,24618.594,-0.663,0.754
2301000,24629.507,-0.758,0.66
2302000,24641.338,-0.782,0.631
2303000,24651.903,-0.704,0.716
2304000,24662.472,-0.614,0.795
2305000,24673.374,-0.708,0.713
2306000,24684.61,-0.79,0.621
2307000,24696.395,-0.726,0.694
2308000,24707.474,-0.595,0.809
2309000,24718.18,-0.62,0.79
2310000,24730.074,-0.752,0.666
2311000,24740.922,-0.722,0.698
2312000,24752.359,-0.756,0.662
2313000,24762.757,-0.677,0.742
2314000,24773.595,-0.768,0.648
2315000,24785.586,-0.773,0.642
2316000,24796.173,-0.764,0.652
2317000,24807.017,-0.68,0.739
2318000,24818.31,-0.774,0.641
2319000,24830.007,-0.708,0.712
2320000,24840.755,-0.718,0.703
2321000,24851.625,-0.698,0.722
2322000,24862.767,-0.62,0.79
2323000,24874.515,-0.741,0.678
2324000,24884.893,-0.677,0.742
2325000,24895.989,-0.687,0.733
2326000,24906.809,-0.787,0.625
2327000,24918.649,-0.757,0.66
2328000,24930.187,-0.767,0.649
2329000,24940.474,-0.705,0.715
2330000,24952.231,-0.677,0.742
2331000,24963.034,-0.71,0.711
2332000,24974.753,-0.676,0.742
2333000,24985.313,-0.751,0.668
2334000,24997.345,-0.647,0.768
2335000,25008.023,-0.636,0.777
2336000,25018.767,-0.681,0.738
2337000,25029.918,-0.71,0.711
2338000,25042.179,-0.744,0.675
2339000,25052.944,-0.661,0.756
2340000,25064.02,-0.663,0.755
2341000,25074.979,-0.724,0.696
2342000,25085.48,-0.705,0.716
2343000,25097.664,-0.6,0.805
2344000,25108.317,-0.673,0.746
2345000,25119.132,-0.645,0.77
2346000,25129.842,-0.771,0.644
2347000,25141.948,-0.691,0.729
2348000,25151.733,-0.743,0.676
2349000,25162.777,-0.68,0.74
2350000,25175.19,-0.716,0.705
2351000,25186.027,-0.71,0.71
2352000,25196.205,-0.686,0.734
2353000,25207.445,-0.684,0.735
2354000,25219.188,-0.686,0.734
2355000,25229.783,-0.747,0.672
2356000,25240.892,-0.654,0.762
2357000,25252.803,-0.657,0.76
2358000,25263.492,-0.642,0.772
2359000,25274.759,-0.79,0.621
2360000,25285.464,-0.747,0.671
2361000,25296.285,-0.538,0.847
2362000,25308.788,-0.754,0.664
2363000,25320.011,-0.722,0.698
2364000,25330.358,-0.686,0.734
2365000,25341.128,-0.784,0.629
2366000,25352.139,-0.712,0.709
2367000,25363.162,-0.706,0.715
2368000,25374.491,-0.68,0.738
2369000,25385.559,-0.609,0.798
2370000,25396.238,-0.645,0.77
2371000,25407.954,-0.672,0.746
2372000,25419.873,-0.625,0.786
2373000,25429.914,-0.802,0.607
2374000,25441.794,-0.643,0.771
2375000,25452.22,-0.63,0.782
2376000,25464.252,-0.693,0.727
2377000,25475.054,-0.756,0.662
2378000,25485.697,-0.714,0.706
2379000,25496.404,-0.718,0.703
2380000,25507.212,-0.71,0.71
2381000,25519.429,-0.668,0.75
2382000,25529.827,-0.648,0.767
2383000,25540.658,-0.612,0.796
2384000,25552.627,-0.791,0.62
2385000,25563.54,-0.656,0.76
2386000,25574.195,-0.791,0.619
2387000,25585.107,-0.687,0.733
2388000,25597.197,-0.614,0.794
2389000,25607.54,-0.695,0.725
2390000,25619.255,-0.741,0.678
2391000,25630.472,-0.706,0.715
2392000,25640.292,-0.714,0.706
2393000,25652.462,-0.7,0.72
2394000,25663.85,-0.706,0.715
2395000,25674.489,-0.656,0.76
2396000,25684.764,-0.59,0.812
2397000,25695.95,-0.629,0.783
2398000,25708.242,-0.734,0.686
2399000,25719.394,-0.638,0.775
2400000,25729.933,-0.616,0.792
2401000,25741.127,-0.812,0.592
2402000,25751.998,-0.734,0.686
2403000,25762.677,-0.716,0.704
2404000,25773.919,-0.641,0.773
2405000,25785.935,-0.595,0.809
2406000,25795.803,-0.729,0.692
2407000,25807.947,-0.691,0.729
2408000,25818.816,-0.687,0.733
2409000,25829.381,-0.622,0.788
2410000,25840.234,-0.636,0.777
2411000,25852.457,-0.698,0.722
2412000,25862.99,-0.657,0.76
2413000,25873.773,-0.668,0.75
2414000,25885.245,-0.758,0.66
2415000,25895.952,-0.737,0.682
2416000,25908.066,-0.716,0.704
2417000,25918.772,-0.716,0.704
2418000,25929.623,-0.68,0.74
2419000,25940.628,-0.64,0.774
2420000,25951.605,-0.677,0.742
2421000,25962.892,-0.781,0.633
2422000,25973.587,-0.654,0.761
2423000,25985.501,-0.679,0.74
2424000,25996.232,-0.763,0.654
2425000,26008.155,-0.815,0.587
2426000,26019.145,-0.765,0.652
2427000,26029.539,-0.605,0.8
2428000,26041.504,-0.689,0.731
2429000,26052.585,-0.735,0.686
2430000,26063.38,-0.698,0.722
2431000,26074.083,-0.77,0.646
2432000,26084.74,-0.73,0.69
2433000,26096.737,-0.697,0.723
2434000,26107.532,-0.718,0.702
2435000,26118.528,-0.792,0.619
2436000,26129.627,-0.749,0.67
2437000,26140.035,-0.686,0.733
2438000,26152.217,-0.736,0.684
2439000,26162.279,-0.714,0.706
2440000,26173.256,-0.668,0.75
2441000,26185.336,-0.63,0.782
2442000,26196.474,-0.787,0.625
2443000,26207.218,-0.666,0.753
2444000,26217.7,-0.71,0.71
2445000,26229.188,-0.644,0.771
2446000,26240.065,-0.836,0.559
2447000,26250.721,-0.654,0.762
2448000,26262.684,-0.622,0.788
2449000,26273.546,-0.668,0.75
2450000,26284.199,-0.57,0.826
2451000,26295.798,-0.811,0.595
2452000,26306.275,-0.633,0.779
2453000,26318.413,-0.736,0.684
2454000,26328.881,-0.695,0.725
2455000,26339.601,-0.768,0.648
2456000,26351.828,-0.712,0.708
2457000,26362.933,-0.718,0.703
2458000,26373.515,-0.611,0.796
2459000,26384.911,-0.831,0.565
2460000,26395.005,-0.655,0.761
2461000,26407.063,-0.791,0.62
2462000,26417.808,-0.799,0.61
2463000,26428.282,-0.587,0.814
2464000,26439.988,-0.67,0.748
2465000,26450.635,-0.581,0.819
2466000,26461.681,-0.738,0.681
2467000,26473.607,-0.735,0.684
2468000,26483.981,-0.63,0.782
2469000,26494.729,-0.771,0.644
2470000,26506.843,-0.622,0.788
2471000,26518.026,-0.778,0.636
2472000,26529.216,-0.726,0.694
2473000,26539.83,-0.616,0.792
2474000,26551.003,-0.756,0.662
2475000,26562.012,-0.656,0.76
2476000,26573.098,-0.652,0.765
2477000,26585.192,-0.706,0.714
2478000,26595.995,-0.751,0.668
2479000,26606.955,-0.784,0.629
2480000,26618.188,-0.716,0.705
2481000,26628.962,-0.823,0.577
2482000,26639.848,-0.742,0.677
2483000,26650.432,-0.734,0.686
2484000,26661.366,-0.706,0.715
2485000,26673.723,-0.634,0.779
2486000,26684.546,-0.647,0.768
2487000,26695.931,-0.693,0.728
2488000,26706.376,-0.708,0.712
2489000,26717.36,-0.684,0.735
2490000,26727.961,-0.638,0.775
2491000,26738.77,-0.776,0.639
2492000,26751.013,-0.7,0.72
2493000,26761.17,-0.616,0.794
2494000,26773.391,-0.746,0.673
2495000,26783.968,-0.739,0.68
2496000,26794.91,-0.72,0.701
2497000,26805.873,-0.718,0.702
2498000,26818.078,-0.726,0.694
2499000,26828.848,-0.72,0.7
2500000,26839.831,-0.639,0.775
2501000,26850.758,-0.63,0.782
2502000,26861.61,-0.631,0.781
2503000,26872.606,-0.875,0.496
2504000,26884.413,-0.729,0.69
2505000,26895.114,-0.718,0.702
2506000,26906.877,-0.712,0.708
2507000,26918.019,-0.678,0.741
2508000,26928.267,-0.727,0.693
2509000,26938.771,-0.744,0.675
2510000,26951.083,-0.647,0.768
2511000,26961.683,-0.657,0.76
2512000,26972.362,-0.65,0.765
2513000,26984.63,-0.726,0.694
2514000,26995.568,-0.724,0.697
2515000,27006.738,-0.704,0.717
2516000,27016.983,-0.659,0.758
2517000,27028.11,-0.77,0.646
2518000,27039.045,-0.71,0.711
2519000,27050.356,-0.729,0.692
2520000,27062.09,-0.746,0.673
2521000,27072.576,-0.693,0.727
2522000,27083.552,-0.778,0.637
2523000,27094.488,-0.792,0.619
2524000,27105.393,-0.742,0.677
2525000,27117.455,-0.771,0.644
2526000,27128.167,-0.724,0.697
2527000,27139.151,-0.692,0.729
2528000,27150.332,-0.631,0.781
2529000,27161.059,-0.724,0.696
2530000,27172.354,-0.756,0.662
2531000,27184.416,-0.706,0.714
2532000,27195.36,-0.722,0.698
2533000,27205.278,-0.639,0.775
2534000,27217.39,-0.744,0.676
2535000,27228.42,-0.635,0.778
2536000,27239.015,-0.699,0.721
2537000,27249.953,-0.735,0.685
2538000,27262.215,-0.666,0.752
2539000,27272.826,-0.716,0.704
2540000,27283.811,-0.722,0.698
2541000,27295.088,-0.758,0.66
2542000,27306.074,-0.706,0.715
2543000,27316.937,-0.592,0.811
2544000,27327.349,-0.652,0.764
2545000,27339.248,-0.73,0.69
2546000,27349.802,-0.71,0.71
2547000,27360.32,-0.722,0.698
2548000,27372.558,-0.7,0.72
2549000,27383.175,-0.798,0.611
2550000,27393.763,-0.627,0.784
2551000,27404.924,-0.733,0.688
2552000,27415.804,-0.811,0.592
2553000,27428.092,-0.7,0.72
2554000,27438.89,-0.652,0.764
2555000,27449.501,-0.62,0.79
2556000,27461.302,-0.726,0.695
2557000,27471.975,-0.718,0.702
2558000,27483.037,-0.746,0.673
2559000,27495.235,-0.689,0.731
2560000,27506.166,-0.726,0.694
2561000,27517.097,-0.724,0.696
2562000,27528.564,-0.71,0.711
2563000,27539.074,-0.83,0.566
2564000,27550.791,-0.754,0.664
2565000,27561.607,-0.744,0.675
2566000,27572.555,-0.612,0.796
2567000,27583.011,-0.646,0.769
2568000,27594.382,-0.718,0.702
2569000,27604.717,-0.737,0.682
2570000,27616.992,-0.677,0.741
2571000,27627.866,-0.796,0.613
2572000,27638.774,-0.722,0.698
2573000,27649.589,-0.622,0.788
2574000,27660.328,-0.668,0.75
2575000,27672.851,-0.698,0.722
2576000,27683.519,-0.81,0.595
2577000,27694.611,-0.767,0.65
2578000,27705.569,-0.708,0.712
2579000,27716.185,-0.767,0.648
2580000,27727.948,-0.648,0.767
2581000,27738.724,-0.746,0.673
2582000,27750.365,-0.677,0.742
2583000,27761.422,-0.747,0.671
2584000,27772.214,-0.809,0.597
2585000,27782.884,-0.74,0.679
2586000,27794.714,-0.626,0.784
2587000,27806.576,-0.751,0.667
2588000,27817.374,-0.728,0.692
2589000,27827.75,-0.661,0.755
2590000,27838.632,-0.812,0.593
2591000,27850.664,-0.825,0.573
2592000,27861.925,-0.751,0.668
2593000,27872.711,-0.736,0.684
2594000,27884.722,-0.661,0.757
2595000,27895.73,-0.793,0.617
2596000,27906.602,-0.704,0.716
2597000,27917.345,-0.686,0.733
2598000,27928.577,-0.747,0.672
2599000,27939.876,-0.687,0.733
2600000,27950.762,-0.773,0.642
2601000,27962.004,-0.729,0.692
2602000,27974.291,-0.742,0.677
2603000,27984.702,-0.688,0.732
2604000,27995.62,-0.656,0.76
2605000,28006.472,-0.768,0.648
2606000,28018.51,-0.696,0.724
2607000,28029.047,-0.702,0.718
2608000,28039.942,-0.684,0.735
2609000,28051.577,-0.8,0.608
2610000,28062.719,-0.773,0.643
2611000,28073.713,-0.728,0.692
2612000,28084.21,-0.668,0.75
2613000,28095.749,-0.753,0.666
2614000,28106.822,-0.731,0.69
2615000,28117.683,-0.67,0.748
2616000,28128.697,-0.784,0.629
2617000,28140.614,-0.679,0.74
2618000,28151.314,-0.716,0.704
2619000,28162.683,-0.8,0.608
2620000,28173.019,-0.65,0.765
2621000,28184.135,-0.68,0.74
2622000,28196.065,-0.718,0.702
2623000,28205.894,-0.704,0.716
2624000,28218.024,-0.7,0.72
2625000,28228.61,-0.695,0.725
2626000,28239.221,-0.661,0.756
2627000,28251.387,-0.663,0.754
2628000,28262.583,-0.629,0.783
2629000,28273.37,-0.732,0.688
2630000,28283.722,-0.663,0.754
2631000,28294.795,-0.787,0.625
2632000,28306.898,-0.724,0.696
2633000,28317.097,-0.628,0.783
2634000,28328.032,-0.72,0.7
2635000,28339.967,-0.693,0.727
2636000,28350.533,-0.635,0.778
2637000,28361.417,-0.64,0.774
2638000,28372.571,-0.834,0.562
2639000,28383.665,-0.776,0.639
2640000,28395.136,-0.743,0.676
2641000,28406.245,-0.692,0.728
2642000,28417.92,-0.679,0.74
2643000,28428.619,-0.638,0.775
2644000,28439.507,-0.779,0.635
2645000,28450.511,-0.698,0.722
2646000,28462.766,-0.73,0.69
2647000,28473.453,-0.798,0.611
2648000,28484.367,-0.782,0.631
2649000,28495.309,-0.684,0.735
2650000,28507.087,-0.724,0.696
2651000,28517.829,-0.762,0.654
2652000,28528.873,-0.661,0.757
2653000,28539.799,-0.716,0.704
2654000,28551.627,-0.672,0.746
2655000,28562.34,-0.642,0.772
2656000,28573.237,-0.781,0.633
2657000,28584.425,-0.745,0.674
2658000,28594.763,-0.779,0.634
2659000,28606.529,-0.69,0.73
2660000,28617.04,-0.657,0.76
2661000,28628.189,-0.82,0.581
2662000,28639.353,-0.694,0.726
2663000,28651.839,-0.751,0.668
2664000,28662.752,-0.724,0.696
2665000,28672.727,-0.653,0.763
2666000,28684.486,-0.845,0.546
2667000,28695.291,-0.754,0.664
2668000,28706.116,-0.724,0.696
2669000,28718.171,-0.652,0.764
2670000,28729.053,-0.71,0.71
2671000,28739.666,-0.708,0.712
2672000,28750.689,-0.72,0.701
2673000,28762.799,-0.734,0.686
2674000,28774.069,-0.644,0.771
2675000,28785.0,-0.694,0.726
2676000,28795.612,-0.728,0.692
2677000,28806.578,-0.728,0.692
2678000,28817.333,-0.761,0.656
2679000,28828.017,-0.612,0.796
2680000,28840.003,-0.659,0.758
2681000,28850.653,-0.728,0.692
2682000,28861.733,-0.742,0.677
2683000,28873.154,-0.769,0.647
2684000,28884.315,-0.733,0.687
2685000,28895.198,-0.649,0.766
2686000,28906.343,-0.737,0.683
2687000,28917.178,-0.751,0.668
2688000,28928.062,-0.581,0.818
2689000,28940.461,-0.753,0.666
2690000,28951.125,-0.803,0.604
2691000,28962.309,-0.714,0.707
2692000,28973.615,-0.783,0.631
2693000,28984.126,-0.712,0.708
2694000,28996.301,-0.695,0.725
2695000,29007.603,-0.653,0.763
2696000,29018.641,-0.778,0.637
2697000,29029.47,-0.718,0.702
2698000,29039.157,-0.658,0.759
2699000,29051.488,-0.811,0.593
2700000,29062.103,-0.625,0.786
2701000,29072.952,-0.707,0.714
2702000,29084.303,-0.687,0.733
2703000,29095.402,-0.696,0.724
2704000,29106.168,-0.726,0.694
2705000,29118.473,-0.684,0.735
2706000,29129.339,-0.64,0.774
2707000,29140.545,-0.718,0.702
2708000,29151.695,-0.692,0.728
2709000,29162.575,-0.823,0.577
2710000,29172.831,-0.663,0.753
2711000,29184.879,-0.718,0.702
2712000,29195.743,-0.622,0.788
2713000,29206.497,-0.74,0.679
2714000,29217.425,-0.684,0.735
2715000,29228.697,-0.806,0.6
2716000,29240.071,-0.695,0.726
2717000,29251.598,-0.721,0.7
2718000,29263.013,-0.663,0.754
2719000,29273.908,-0.647,0.768
2720000,29284.737,-0.628,0.783
2721000,29295.504,-0.74,0.679
2722000,29307.047,-0.74,0.68
2723000,29317.92,-0.654,0.762
2724000,29329.074,-0.718,0.702
2725000,29339.883,-0.625,0.786
2726000,29350.837,-0.663,0.754
2727000,29363.088,-0.742,0.677
2728000,29372.838,-0.787,0.625
2729000,29384.093,-0.729,0.692
2730000,29396.323,-0.73,0.69
2731000,29406.146,-0.568,0.828
2732000,29417.113,-0.651,0.764
2733000,29428.244,-0.704,0.717
2734000,29439.313,-0.735,0.685
2735000,29450.821,-0.761,0.658
2736000,29462.264,-0.744,0.676
2737000,29472.392,-0.567,0.828
2738000,29483.654,-0.589,0.813
2739000,29494.562,-0.71,0.711
2740000,29505.741,-0.737,0.684
2741000,29518.003,-0.784,0.628
2742000,29529.041,-0.716,0.704
2743000,29540.055,-0.802,0.606
2744000,29551.424,-0.653,0.763
2745000,29562.542,-0.745,0.674
2746000,29572.567,-0.71,0.711
2747000,29584.77,-0.647,0.768
2748000,29595.467,-0.768,0.648
2749000,29605.594,-0.693,0.728
2750000,29617.78,-0.813,0.591
2751000,29628.14,-0.728,0.693
2752000,29639.714,-0.768,0.649
2753000,29650.803,-0.749,0.67
2754000,29661.189,-0.818,0.586
2755000,29672.652,-0.842,0.549
2756000,29683.691,-0.652,0.764
2757000,29695.281,-0.71,0.711
2758000,29706.498,-0.803,0.604
2759000,29716.715,-0.585,0.816
2760000,29727.82,-0.687,0.733
2761000,29739.297,-0.727,0.693
2762000,29750.676,-0.86,0.52
2763000,29760.895,-0.759,0.66
2764000,29771.941,-0.726,0.694
2765000,29783.477,-0.778,0.637
2766000,29794.048,-0.745,0.675
2767000,29805.754,-0.759,0.66
2768000,29816.567,-0.692,0.728
2769000,29828.0,-0.802,0.606
2770000,29838.127,-0.73,0.691
2771000,29849.384,-0.635,0.778
2772000,29860.716,-0.745,0.675
2773000,29872.282,-0.76,0.658
2774000,29883.414,-0.716,0.705
2775000,29894.538,-0.685,0.735
2776000,29905.798,-0.818,0.585
2777000,29916.978,-0.732,0.688
2778000,29927.52,-0.716,0.705
2779000,29939.391,-0.761,0.658
2780000,29949.17,-0.661,0.756
2781000,29961.028,-0.64,0.774
2782000,29972.528,-0.754,0.664
2783000,29983.7,-0.722,0.698
2784000,29995.444,-0.829,0.569
2785000,30005.395,-0.874,0.497
2786000,30016.474,-0.72,0.7
2787000,30027.575,-0.712,0.709
2788000,30038.582,-0.751,0.668
2789000,30050.466,-0.851,0.537
2790000,30060.308,-0.7,0.721
2791000,30071.288,-0.763,0.654
2792000,30082.73,-0.768,0.649
2793000,30094.355,-0.74,0.68
2794000,30105.531,-0.742,0.678
2795000,30115.571,-0.738,0.682
2796000,30127.747,-0.625,0.786
2797000,30137.807,-0.648,0.767
2798000,30149.188,-0.842,0.55
2799000,30160.205,-0.702,0.717
2800000,30172.561,-0.702,0.718
2801000,30182.626,-0.759,0.659
2802000,30194.107,-0.654,0.763
2803000,30204.421,-0.65,0.766
2804000,30215.575,-0.724,0.696
2805000,30226.956,-0.72,0.7
2806000,30237.963,-0.751,0.668
2807000,30249.281,-0.609,0.798
2808000,30260.053,-0.546,0.842
2809000,30271.448,-0.716,0.704
2810000,30283.115,-0.839,0.555
2811000,30293.072,-0.783,0.631
2812000,30305.571,-0.642,0.772
2813000,30316.331,-0.633,0.779
2814000,30326.743,-0.774,0.642
2815000,30337.902,-0.731,0.69
2816000,30349.434,-0.769,0.646
2817000,30360.951,-0.723,0.698
2818000,30370.608,-0.615,0.794
2819000,30382.455,-0.704,0.718
2820000,30393.808,-0.727,0.694
2821000,30404.363,-0.753,0.667
2822000,30415.671,-0.714,0.706
2823000,30426.904,-0.745,0.674
2824000,30438.501,-0.54,0.847
2825000,30449.681,-0.682,0.737
2826000,30459.668,-0.676,0.743
2827000,30471.063,-0.7,0.721
2828000,30482.676,-0.695,0.726
2829000,30493.921,-0.663,0.754
2830000,30504.973,-0.635,0.778
2831000,30515.161,-0.652,0.765
2832000,30526.978,-0.856,0.528
2833000,30538.33,-0.668,0.75
2834000,30549.677,-0.745,0.674
2835000,30559.823,-0.64,0.774
2836000,30570.884,-0.598,0.807
2837000,30582.406,-0.798,0.612
2838000,30593.233,-0.617,0.792
2839000,30604.456,-0.744,0.676
2840000,30615.515,-0.675,0.744
2841000,30626.452,-0.724,0.696
2842000,30637.52,-0.7,0.721
2843000,30647.952,-0.732,0.688
2844000,30659.413,-0.766,0.651
2845000,30670.97,-0.706,0.715
2846000,30682.183,-0.735,0.686
2847000,30692.443,-0.661,0.757
2848000,30703.365,-0.802,0.606
2849000,30714.548,-0.678,0.741
2850000,30725.094,-0.697,0.724
2851000,30736.814,-0.769,0.647
2852000,30748.297,-0.714,0.707
2853000,30758.957,-0.645,0.77
2854000,30770.115,-0.793,0.617
2855000,30781.309,-0.74,0.68
2856000,30792.815,-0.7,0.721
2857000,30803.907,-0.632,0.781
2858000,30813.763,-0.651,0.765
2859000,30825.542,-0.65,0.766
2860000,30837.251,-0.663,0.754
2861000,30847.157,-0.784,0.629
2862000,30858.568,-0.691,0.73
2863000,30870.372,-0.706,0.715
2864000,30880.448,-0.719,0.702
2865000,30891.87,-0.744,0.676
2866000,30902.654,-0.742,0.677
2867000,30913.957,-0.673,0.746
2868000,30925.428,-0.749,0.67
2869000,30935.819,-0.759,0.66
2870000,30946.811,-0.706,0.714
2871000,30958.543,-0.807,0.6
2872000,30969.841,-0.69,0.731
2873000,30979.824,-0.784,0.629
2874000,30991.974,-0.749,0.67
2875000,31001.548,-0.756,0.662
2876000,31012.855,-0.671,0.748
2877000,31024.03,-0.68,0.739
2878000,31035.271,-0.623,0.787
2879000,31046.443,-0.592,0.811
2880000,31058.135,-0.79,0.623
2881000,31069.505,-0.758,0.66
2882000,31080.714,-0.716,0.705
2883000,31090.31,-0.727,0.694
2884000,31101.875,-0.758,0.66
2885000,31113.399,-0.544,0.844
2886000,31124.869,-0.671,0.748
2887000,31135.431,-0.65,0.766
2888000,31146.932,-0.658,0.759
2889000,31156.821,-0.716,0.705
2890000,31168.297,-0.811,0.594
2891000,31179.738,-0.7,0.721
2892000,31191.015,-0.76,0.658
2893000,31201.351,-0.723,0.698
2894000,31212.154,-0.714,0.706
2895000,31223.804,-0.74,0.68
2896000,31235.758,-0.757,0.662
2897000,31246.225,-0.671,0.748
2898000,31256.561,-0.796,0.614
2899000,31268.367,-0.653,0.764
2900000,31278.543,-0.755,0.664
2901000,31290.043,-0.876,0.494
2902000,31301.669,-0.736,0.684
2903000,31312.058,-0.673,0.746
2904000,31323.627,-0.681,0.739
2905000,31334.41,-0.647,0.768
2906000,31346.269,-0.658,0.759
2907000,31357.678,-0.708,0.713
2908000,31368.761,-0.71,0.71
2909000,31379.056,-0.759,0.66
2910000,31390.646,-0.753,0.666
2911000,31401.996,-0.636,0.777
2912000,31412.234,-0.749,0.67
2913000,31423.886,-0.666,0.752
2914000,31434.055,-0.666,0.752
2915000,31445.655,-0.71,0.711
2916000,31457.061,-0.712,0.708
2917000,31468.189,-0.661,0.756
2918000,31477.884,-0.712,0.708
2919000,31489.307,-0.727,0.694
2920000,31500.974,-0.576,0.822
2921000,31512.175,-0.675,0.743
2922000,31522.061,-0.683,0.736
2923000,31534.038,-0.721,0.701
2924000,31545.191,-0.795,0.615
2925000,31555.273,-0.764,0.653
2926000,31566.802,-0.725,0.696
2927000,31577.993,-0.725,0.696
2928000,31589.971,-0.686,0.734
2929000,31600.979,-0.68,0.739
2930000,31612.067,-0.718,0.703
2931000,31622.772,-0.698,0.723
2932000,31632.522,-0.755,0.664
2933000,31644.594,-0.745,0.675
2934000,31655.785,-0.649,0.767
2935000,31666.999,-0.666,0.752
2936000,31678.15,-0.683,0.737
2937000,31688.436,-0.712,0.709
2938000,31699.577,-0.724,0.696
2939000,31710.558,-0.702,0.719
2940000,31721.741,-0.749,0.669
2941000,31733.392,-0.779,0.635
2942000,31744.263,-0.795,0.615
2943000,31754.866,-0.778,0.638
2944000,31767.037,-0.718,0.703
2945000,31777.109,-0.778,0.637
2946000,31788.905,-0.823,0.577
2947000,31799.322,-0.645,0.771
2948000,31810.838,-0.636,0.777
2949000,31822.805,-0.855,0.53
2950000,31833.372,-0.813,0.592
2951000,31843.818,-0.719,0.703
2952000,31855.267,-0.671,0.748
2953000,31866.603,-0.763,0.653
2954000,31877.967,-0.631,0.782
2955000,31887.543,-0.762,0.656
2956000,31899.421,-0.821,0.581
2957000,31911.187,-0.794,0.616
2958000,31922.225,-0.835,0.561
2959000,31931.968,-0.646,0.769
2960000,31943.175,-0.661,0.756
2961000,31954.498,-0.841,0.552
2962000,31966.616,-0.732,0.689
2963000,31976.757,-0.869,0.506
2964000,31988.013,-0.737,0.684
2965000,31999.534,-0.837,0.557
2966000,32010.708,-0.606,0.801
2967000,32020.705,-0.749,0.67
2968000,32032.313,-0.688,0.732
2969000,32042.758,-0.799,0.611
2970000,32054.942,-0.671,0.748
2971000,32064.822,-0.826,0.573
2972000,32076.145,-0.675,0.744
2973000,32087.394,-0.727,0.694
2974000,32098.917,-0.753,0.666
2975000,32109.091,-0.73,0.692
2976000,32120.235,-0.663,0.755
2977000,32132.118,-0.776,0.639
2978000,32142.318,-0.693,0.727
2979000,32153.893,-0.79,0.623
2980000,32164.61,-0.663,0.755
2981000,32176.048,-0.802,0.606
2982000,32187.31,-0.565,0.83
2983000,32198.347,-0.609,0.799
2984000,32209.289,-0.583,0.817
2985000,32220.859,-0.691,0.73
2986000,32231.456,-0.721,0.7
2987000,32241.672,-0.745,0.674
2988000,32254.006,-0.774,0.642
2989000,32265.635,-0.783,0.631
2990000,32276.783,-0.635,0.778
2991000,32286.492,-0.769,0.647
2992000,32297.943,-0.685,0.735
2993000,32309.004,-0.702,0.719
2994000,32319.45,-0.769,0.649
2995000,32330.967,-0.661,0.756
2996000,32342.582,-0.827,0.571
2997000,32353.918,-0.697,0.723
2998000,32365.038,-0.716,0.705
2999000,32375.199,-0.784,0.629
3000000,32386.617,-0.695,0.725
3001000,32397.294,-0.785,0.629
3002000,32409.172,-0.776,0.64
3003000,32420.545,-0.651,0.765
3004000,32430.494,-0.663,0.754
3005000,32442.436,-0.728,0.694
3006000,32452.517,-0.81,0.596
3007000,32463.765,-0.706,0.715
3008000,32475.32,-0.678,0.741
3009000,32486.798,-0.811,0.595
3010000,32496.749,-0.704,0.718
3011000,32507.987,-0.779,0.634
3012000,32519.475,-0.695,0.726
3013000,32530.687,-0.7,0.721
3014000,32542.187,-0.858,0.524
3015000,32552.133,-0.663,0.755
3016000,32564.423,-0.768,0.648
3017000,32574.358,-0.6,0.805
3018000,32585.919,-0.762,0.656
3019000,32596.507,-0.705,0.716
3020000,32607.609,-0.749,0.67
3021000,32619.027,-0.693,0.727
3022000,32629.557,-0.745,0.674
3023000,32640.99,-0.719,0.703
3024000,32652.577,-0.753,0.666
3025000,32662.594,-0.708,0.713
3026000,32675.153,-0.654,0.762
3027000,32685.252,-0.714,0.707
3028000,32696.159,-0.724,0.696
3029000,32707.287,-0.72,0.701
3030000,32719.039,-0.701,0.719
3031000,32730.469,-0.687,0.732
3032000,32740.453,-0.749,0.67
3033000,32751.4,-0.661,0.756
3034000,32762.843,-0.81,0.597
3035000,32773.724,-0.77,0.646
3036000,32784.915,-0.79,0.621
3037000,32796.343,-0.708,0.713
3038000,32807.63,-0.758,0.66
3039000,32818.867,-0.687,0.733
3040000,32828.634,-0.756,0.662
3041000,32840.594,-0.632,0.781
3042000,32851.975,-0.653,0.763
3043000,32863.117,-0.72,0.7
3044000,32873.467,-0.732,0.689
3045000,32884.585,-0.706,0.715
3046000,32895.863,-0.773,0.643
3047000,32907.222,-0.685,0.735
3048000,32918.173,-0.575,0.823
3049000,32929.173,-0.848,0.54
3050000,32940.791,-0.798,0.612
3051000,32951.129,-0.779,0.635
3052000,32963.283,-0.723,0.698
3053000,32974.428,-0.819,0.583
3054000,32984.038,-0.815,0.589
3055000,32995.699,-0.74,0.681
3056000,33006.9,-0.673,0.746
3057000,33018.043,-0.779,0.635
3058000,33029.433,-0.708,0.713
3059000,33040.916,-0.768,0.649
3060000,33051.08,-0.666,0.752
3061000,33062.107,-0.804,0.605
3062000,33073.491,-0.69,0.731
3063000,33084.384,-0.742,0.677
3064000,33095.865,-0.671,0.748
3065000,33106.819,-0.781,0.633
3066000,33117.7,-0.659,0.758
3067000,33128.571,-0.71,0.711
3068000,33139.341,-0.855,0.528
3069000,33150.429,-0.722,0.698
3070000,33162.105,-0.717,0.705
3071000,33173.093,-0.678,0.741
3072000,33184.746,-0.762,0.656
3073000,33195.846,-0.722,0.698
3074000,33206.364,-0.776,0.638
3075000,33217.346,-0.606,0.8
3076000,33228.459,-0.69,0.731
3077000,33239.792,-0.71,0.711
3078000,33251.459,-0.764,0.653
3079000,33262.36,-0.77,0.646
3080000,33272.892,-0.584,0.816
3081000,33283.643,-0.71,0.71
3082000,33294.64,-0.737,0.683
3083000,33305.749,-0.803,0.604
3084000,33317.066,-0.749,0.67
3085000,33328.255,-0.763,0.654
3086000,33339.023,-0.752,0.666
3087000,33349.931,-0.682,0.737
3088000,33361.348,-0.734,0.687
3089000,33372.485,-0.698,0.722
3090000,33383.153,-0.714,0.706
3091000,33394.078,-0.795,0.615
3092000,33406.223,-0.724,0.696
3093000,33417.536,-0.784,0.629
3094000,33428.333,-0.74,0.68
3095000,33439.719,-0.799,0.61
3096000,33449.766,-0.855,0.53
3097000,33460.845,-0.738,0.681
3098000,33471.772,-0.776,0.639
3099000,33482.805,-0.673,0.746
3100000,33494.257,-0.787,0.625
3101000,33505.723,-0.749,0.67
3102000,33516.805,-0.718,0.702
3103000,33528.302,-0.693,0.728
3104000,33539.315,-0.682,0.737
3105000,33550.552,-0.731,0.69
3106000,33561.599,-0.79,0.621
3107000,33572.533,-0.609,0.798
3108000,33583.513,-0.726,0.694
3109000,33594.175,-0.661,0.756
3110000,33605.557,-0.798,0.612
3111000,33616.719,-0.722,0.698
3112000,33627.969,-0.632,0.78
3113000,33639.331,-0.776,0.639
3114000,33650.585,-0.765,0.652
3115000,33661.61,-0.658,0.758
3116000,33672.678,-0.706,0.715
3117000,33683.893,-0.714,0.707
3118000,33694.845,-0.696,0.724
3119000,33706.091,-0.644,0.771
3120000,33717.342,-0.69,0.731
3121000,33727.208,-0.627,0.785
3122000,33738.317,-0.653,0.763
3123000,33749.195,-0.712,0.709
3124000,33760.569,-0.783,0.63
3125000,33771.149,-0.654,0.762
3126000,33782.32,-0.803,0.604
3127000,33793.836,-0.691,0.73
3128000,33804.974,-0.659,0.758
3129000,33816.038,-0.708,0.712
3130000,33827.232,-0.632,0.78
3131000,33838.384,-0.781,0.633
3132000,33849.092,-0.688,0.731
3133000,33860.144,-0.751,0.668
3134000,33872.469,-0.824,0.576
3135000,33882.487,-0.753,0.666
3136000,33893.455,-0.696,0.724
3137000,33904.857,-0.693,0.728
3138000,33916.178,-0.756,0.662
3139000,33927.341,-0.763,0.654
3140000,33938.553,-0.768,0.649
3141000,33949.749,-0.745,0.674
3142000,33959.404,-0.716,0.705
3143000,33970.648,-0.744,0.676
3144000,33982.132,-0.648,0.767
3145000,33993.441,-0.787,0.625
3146000,34004.416,-0.823,0.577
3147000,34015.656,-0.586,0.816
3148000,34026.788,-0.663,0.754
3149000,34036.691,-0.751,0.668
3150000,34048.337,-0.624,0.787
3151000,34059.278,-0.738,0.681
3152000,34070.251,-0.535,0.849
3153000,34082.583,-0.575,0.823
3154000,34093.528,-0.767,0.65
3155000,34104.574,-0.682,0.738
3156000,34115.963,-0.779,0.635
3157000,34126.034,-0.747,0.673
3158000,34137.172,-0.708,0.712
3159000,34148.407,-0.666,0.753
3160000,34159.715,-0.698,0.723
3161000,34169.802,-0.835,0.561
3162000,34181.493,-0.749,0.67
3163000,34192.717,-0.774,0.641
3164000,34204.437,-0.646,0.769
3165000,34214.084,-0.68,0.739
3166000,34225.147,-0.798,0.611
3167000,34236.308,-0.712,0.709
3168000,34248.126,-0.749,0.671
3169000,34258.659,-0.828,0.571
3170000,34270.34,-0.676,0.744
3171000,34281.024,-0.782,0.631
3172000,34292.491,-0.718,0.702
3173000,34303.672,-0.773,0.643
3174000,34314.789,-0.704,0.717
3175000,34325.075,-0.755,0.664
3176000,34336.332,-0.712,0.708
3177000,34347.678,-0.799,0.61
3178000,34358.902,-0.704,0.717
3179000,34368.666,-0.712,0.709
3180000,34378.809,-0.717,0.705
3181000,34389.592,-0.689,0.731
3182000,34400.901,-0.698,0.723
3183000,34412.764,-0.726,0.695
3184000,34422.721,-0.676,0.743
3185000,34433.984,-0.68,0.739
3186000,34445.509,-0.624,0.787
3187000,34456.878,-0.71,0.711
3188000,34466.885,-0.74,0.681
3189000,34478.489,-0.628,0.785
3190000,34489.547,-0.77,0.646
3191000,34500.731,-0.668,0.751
3192000,34512.096,-0.729,0.691
3193000,34522.161,-0.679,0.741
3194000,34533.895,-0.723,0.698
3195000,34544.43,-0.724,0.697
3196000,34555.911,-0.714,0.707
3197000,34567.278,-0.783,0.631
3198000,34578.787,-0.712,0.709
3199000,34588.429,-0.666,0.752
3200000,34600.86,-0.642,0.772
3201000,34611.68,-0.614,0.794
3202000,34622.575,-0.718,0.703
3203000,34633.749,-0.673,0.745
3204000,34644.977,-0.832,0.564
3205000,34654.876,-0.719,0.703
3206000,34666.12,-0.727,0.694
3207000,34678.035,-0.784,0.629
3208000,34689.143,-0.718,0.702
3209000,34700.443,-0.727,0.694
3210000,34711.711,-0.716,0.704
3211000,34721.673,-0.83,0.568
3212000,34733.461,-0.848,0.541
3213000,34744.772,-0.718,0.702
3214000,34754.376,-0.818,0.585
3215000,34766.709,-0.659,0.758
3216000,34776.843,-0.693,0.728
3217000,34788.443,-0.826,0.573
3218000,34799.491,-0.71,0.71
3219000,34810.893,-0.631,0.782
3220000,34821.693,-0.77,0.646
3221000,34832.786,-0.675,0.743
3222000,34844.259,-0.714,0.706
3223000,34854.36,-0.676,0.744
3224000,34865.818,-0.701,0.72
3225000,34877.095,-0.747,0.672
3226000,34888.567,-0.693,0.728
3227000,34899.368,-0.7,0.72
3228000,34910.302,-0.69,0.731
3229000,34921.95,-0.683,0.737
3230000,34933.152,-0.609,0.798
3231000,34944.015,-0.67,0.748
3232000,34954.207,-0.697,0.724
3233000,34965.914,-0.639,0.776
3234000,34977.85,-0.653,0.764
3235000,34987.628,-0.712,0.709
3236000,34998.992,-0.776,0.639
3237000,35010.502,-0.697,0.723
3238000,35021.655,-0.756,0.662
3239000,35033.2,-0.708,0.713
3240000,35043.34,-0.723,0.698
3241000,35054.281,-0.661,0.757
3242000,35066.115,-0.778,0.637
3243000,35077.198,-0.654,0.763
3244000,35087.13,-0.779,0.635
3245000,35098.589,-0.683,0.737
3246000,35110.055,-0.676,0.744
3247000,35121.41,-0.687,0.732
3248000,35132.515,-0.79,0.621
3249000,35143.395,-0.823,0.577
3250000,35153.856,-0.635,0.779
3251000,35165.334,-0.687,0.733
3252000,35176.889,-0.771,0.646
3253000,35186.78,-0.663,0.755
3254000,35197.825,-0.71,0.711
3255000,35209.448,-0.854,0.531
3256000,35220.665,-0.609,0.798
3257000,35231.497,-0.779,0.635
3258000,35243.147,-0.658,0.759
3259000,35253.795,-0.601,0.806
3260000,35265.173,-0.71,0.711
3261000,35275.35,-0.732,0.689
3262000,35286.671,-0.744,0.676
3263000,35298.477,-0.625,0.787
3264000,35309.771,-0.817,0.586
3265000,35319.891,-0.808,0.599
3266000,35331.071,-0.666,0.753
3267000,35342.169,-0.718,0.702
3268000,35353.677,-0.708,0.713
3269000,35365.113,-0.815,0.589
3270000,35375.311,-0.666,0.753
3271000,35386.387,-0.74,0.679
3272000,35398.263,-0.692,0.729
3273000,35408.205,-0.779,0.635
3274000,35420.127,-0.762,0.655
3275000,35430.301,-0.759,0.659
3276000,35440.545,-0.727,0.694
3277000,35451.905,-0.71,0.711
3278000,35463.082,-0.642,0.772
3279000,35474.91,-0.714,0.707
3280000,35485.231,-0.635,0.779
3281000,35497.062,-0.778,0.637
3282000,35506.798,-0.774,0.641
3283000,35517.703,-0.742,0.679
